Date(UTC);UnixTimeStamp;ETH_BlockDifficulty;BTC_BlockDifficulty;BTC_Price;ETH_Price;ETH_NetworkHash;ETH_TxGrowth;ETH_GasUsed;ETH_NetworkUtilization;BTC_NetworkHash;ETH_DailyActiveEthAddress
31.7.2015;1438300800;0.603;52278304845.5917;288.45;0.00;51.4594;0;0;0.0000;376078.94597712;0
3.8.2015;1438560000;1.126;52278304845.5917;282.26;0.00;74.5737;0;0;0.0000;384246.50452746224;0
6.8.2015;1438819200;1.381;52278304845.5917;281;0.00;88.3326;0;0;0.0000;377563.95662263676;0
9.8.2015;1439078400;1.709;52699842409.347;262.22;0.74;109.6916;1329;38863003;0.0024;368785.4996865437;733
12.8.2015;1439337600;2.207;52699842409.347;270.98;1.25;143.0004;2036;70102332;0.0044;388746.1136641017;907
15.8.2015;1439596800;3.378;52699842409.347;265.93;1.79;227.6650;2284;59565914;0.0035;381356.8742491674;1314
18.8.2015;1439856000;4.378;52699842409.347;256.66;1.27;270.4645;2494;66816413;0.0043;365264.28779900644;1295
21.8.2015;1440115200;4.415;52699842409.347;235.31;1.44;277.2820;3919;106379973;0.0067;385847.82860735216;1426
24.8.2015;1440374400;5.179;54256630327.89;228.14;1.24;333.3458;4432;97648912;0.0060;399023.0436724837;1437
27.8.2015;1440633600;5.925;54256630327.89;225.04;1.13;341.1168;5590;147888097;0.0100;400167.10305827536;1592
30.8.2015;1440892800;6.781;54256630327.89;229.63;1.32;340.1440;4572;102643603;0.0079;407263.8701419768;1625
2.9.2015;1441152000;8.284;54256630327.89;227.97;1.29;355.9032;5195;139367393;0.0124;413043.39526225085;1515
5.9.2015;1441411200;6.235;56957648455.01;230.73;1.37;374.9170;5519;159443421;0.0103;415387.58116583165;1487
8.9.2015;1441670400;6.077;56957648455.01;240.47;1.23;370.7395;5622;159613715;0.0103;415620.8830386149;1546
11.9.2015;1441929600;6.562;56957648455.01;238.81;0.98;421.6556;6460;160019709;0.0099;431987.7009136632;1702
14.9.2015;1442188800;6.626;56957648455.01;230;0.87;399.6471;5572;171636301;0.0113;427538.38938739896;1623
17.9.2015;1442448000;6.040;56957648455.01;228.33;0.89;362.1457;5368;147106346;0.0097;429156.32085149473;1518
20.9.2015;1442707200;6.202;59335351233.8666;230.25;0.94;408.7480;6402;206446103;0.0124;414405.2594535765;1467
23.9.2015;1442966400;6.895;59335351233.8666;230.42;0.90;438.8619;7404;198471252;0.0122;410138.50502978667;1738
26.9.2015;1443225600;7.227;59335351233.8666;235.22;0.78;440.6371;5907;160320021;0.0104;430216.77298296755;1421
29.9.2015;1443484800;6.057;59335351233.8666;239.14;0.68;347.3122;5738;155322802;0.0107;448756.9669215088;1533
2.10.2015;1443744000;5.982;60813224039.4403;238.03;0.68;378.4969;6063;175336965;0.0109;441993.62506882334;1376
5.10.2015;1444003200;6.285;60813224039.4403;238.4;0.63;385.5859;6279;217225401;0.0138;453468.788130199;1410
8.10.2015;1444262400;5.978;60813224039.4403;243.01;0.62;375.1336;6926;206603046;0.0128;430567.5198222158;1331
11.10.2015;1444521600;6.139;60813224039.4403;245.72;0.63;381.8711;6023;154497993;0.0097;432294.9722588143;1301
14.10.2015;1444780800;6.482;60813224039.4403;249.98;0.51;394.1999;6830;193279995;0.0125;429703.7936039166;1567
17.10.2015;1445040000;6.004;60883825480.0983;262.26;0.55;373.0388;6567;230368185;0.0145;442884.8037179;1356
20.10.2015;1445299200;5.835;60883825480.0983;263.59;0.44;359.4184;5897;191557542;0.0122;448285.7600076941;1315
23.10.2015;1445558400;5.879;60883825480.0983;274.35;0.52;380.6258;6888;260401303;0.0157;442308.86606501107;1524
26.10.2015;1445817600;6.541;60883825480.0983;282.8;0.74;399.2760;5938;203310004;0.0132;444903.0529627531;1656
29.10.2015;1446076800;7.040;62253982449.7608;304.79;1.16;457.1980;7836;241667844;0.0149;451963.84968615585;1975
1.11.2015;1446336000;7.781;62253982449.7608;310.18;1.05;520.7818;6915;316473677;0.0195;468259.4999243519;2132
4.11.2015;1446595200;7.743;62253982449.7608;404.5;0.87;508.4657;7037;180987375;0.0112;477904.2707995149;2040
7.11.2015;1446854400;7.550;62253982449.7608;373.69;0.92;478.1613;10996;572275369;0.0370;471272.8516857381;2068
10.11.2015;1447113600;7.760;62253982449.7608;380.62;0.92;505.3881;8151;287969451;0.0181;457125.8242430142;1827
13.11.2015;1447372800;7.870;65848255179.7026;340.81;0.89;528.3143;7891;280236525;0.0174;491295.5186716333;1806
16.11.2015;1447632000;8.327;65848255179.7026;318.97;0.94;541.2585;7442;182259335;0.0115;513536.83494147164;1868
19.11.2015;1447891200;8.807;65848255179.7026;333.66;0.95;552.7532;8876;291565861;0.0186;505496.3736733129;1865
22.11.2015;1448150400;7.533;65848255179.7026;326.31;0.96;480.2510;7083;200785655;0.0127;527474.4768765004;2016
25.11.2015;1448409600;7.517;72722780642.5472;319.64;0.86;470.1510;7098;236509015;0.0152;537269.345686539;1711
28.11.2015;1448668800;7.721;72722780642.5472;358;0.91;498.5437;6817;277436869;0.0176;550227.343209118;1652
1.12.2015;1448928000;7.873;72722780642.5472;377.27;0.87;514.3284;6794;231616100;0.0145;573246.6610989643;1764
4.12.2015;1449187200;7.833;72722780642.5472;361.47;0.84;493.1904;6898;224707034;0.0143;558786.3849631345;1743
7.12.2015;1449446400;7.648;79102380900.226;387.3;0.80;483.6810;7141;176718066;0.0113;585252.0281460044;1953
10.12.2015;1449705600;7.773;79102380900.226;416.49;0.84;504.7793;7444;205190667;0.0127;634659.5167030301;1780
13.12.2015;1449964800;8.472;79102380900.226;436.2;0.96;556.8745;7426;325726017;0.0196;659486.2288171122;1968
16.12.2015;1450224000;8.562;79102380900.226;463.98;0.99;534.0622;10304;838759501;0.0536;687573.3765520828;2154
19.12.2015;1450483200;8.719;93448670796.3238;463;0.90;548.8488;9314;539740128;0.0341;667413.1818131171;2189
22.12.2015;1450742400;8.740;93448670796.3238;438.35;0.87;564.9776;21027;1120896788;0.0695;684351.2456391791;2313
25.12.2015;1451001600;8.546;93448670796.3238;456;0.87;539.1713;9521;502552472;0.0315;708085.3784967727;2160
28.12.2015;1451260800;8.532;93448670796.3238;422.42;0.84;545.0927;12368;687001176;0.0430;750557.2287533741;2424
31.12.2015;1451520000;8.543;103880340815.456;428.23;0.93;542.7166;10301;452065747;0.0286;770515.4892291094;2579
3.1.2016;1451779200;8.312;103880340815.456;432.76;0.97;544.8281;9258;369359246;0.0229;739322.7070863631;2455
6.1.2016;1452038400;8.423;103880340815.456;432.43;0.96;552.2518;17074;1248021662;0.0778;766473.2316355921;2646
9.1.2016;1452297600;8.433;103880340815.456;452.64;0.99;551.6457;11793;727791392;0.0454;812210.8065743857;2625
12.1.2016;1452556800;8.890;103880340815.456;447.98;1.23;541.1136;10862;471922007;0.0305;833604.1884005956;2987
15.1.2016;1452816000;8.996;113354299801.471;429.55;1.22;567.1537;9875;409950494;0.0257;826381.9910295875;3126
18.1.2016;1453075200;9.454;113354299801.471;380.16;1.47;591.4190;12916;591740638;0.0371;822925.0518379541;3051
21.1.2016;1453334400;9.598;113354299801.471;420.35;1.54;584.1308;10734;342268224;0.0220;809006.7386918638;2902
24.1.2016;1453593600;10.133;113354299801.471;385.09;2.10;650.5701;12798;423769859;0.0261;896749.7581121754;3823
27.1.2016;1453852800;10.820;120033340651.237;391.66;2.42;663.7333;18747;988064305;0.0631;928737.4309668763;4056
30.1.2016;1454112000;10.876;120033340651.237;378.18;2.43;668.8032;14661;547033880;0.0347;965900.4615187047;4341
2.2.2016;1454371200;10.674;120033340651.237;371.99;2.45;648.4793;14291;463852720;0.0298;995618.1718108045;4167
5.2.2016;1454630400;11.176;120033340651.237;388;2.57;698.6372;15249;532003821;0.0336;1052729.830638992;4699
8.2.2016;1454889600;11.540;144116447847.349;375;3.16;723.2448;14719;449250211;0.0282;1113096.3661353148;4497
11.2.2016;1455148800;11.994;144116447847.349;379.14;6.38;747.5285;21440;682060218;0.0433;1209706.7142473662;7682
14.2.2016;1455408000;12.497;144116447847.349;389.88;5.20;775.2691;16624;514552660;0.0328;1210727.4042139906;5550
17.2.2016;1455667200;12.722;144116447847.349;407;3.86;770.0884;19990;724546098;0.0474;1147274.2351004933;5730
20.2.2016;1455926400;12.814;163491654908.959;419.98;4.37;800.2920;16714;499477626;0.0315;1160506.344796532;5229
23.2.2016;1456185600;13.784;163491654908.959;436.76;5.70;849.5091;18482;1552859093;0.0993;1126289.2851726362;6049
26.2.2016;1456444800;14.049;163491654908.959;423.46;6.03;881.5024;21068;961624302;0.0605;1122716.5967920024;5928
29.2.2016;1456704000;14.937;163491654908.959;431.89;6.35;885.9939;20358;583141365;0.0385;1123877.6273988197;7116
3.3.2016;1456963200;15.599;163491654908.959;422.5;9.35;957.2282;24837;664818999;0.0411;1141293.0865010733;9065
6.3.2016;1457222400;17.342;158427203767.392;399.17;10.98;1036.7243;27661;839897699;0.0385;1159514.559035056;9726
9.3.2016;1457481600;17.867;158427203767.392;412.15;11.55;1080.6917;24557;722145124;0.0307;1182661.4746346704;9249
12.3.2016;1457740800;19.655;158427203767.392;420.11;13.25;1215.6928;27887;802737599;0.0339;1194819.639276276;9981
15.3.2016;1458000000;17.572;158427203767.392;414.99;13.09;1295.5505;29273;903071543;0.0320;1201570.0327185164;10370
18.3.2016;1458259200;18.300;165496835118.226;418.49;10.75;1354.7364;31821;944417594;0.0336;1156745.272431906;10764
21.3.2016;1458518400;19.269;165496835118.226;411.81;11.97;1430.1956;32511;1109953099;0.0393;1160553.647629226;10321
24.3.2016;1458777600;19.801;165496835118.226;417.96;11.13;1505.2497;36947;1626133605;0.0565;1176445.598410569;10069
27.3.2016;1459036800;21.977;165496835118.226;416.96;10.50;1641.9153;29974;825632165;0.0290;1201126.2753003004;10650
30.3.2016;1459296000;22.822;165496835118.226;415.83;11.88;1712.2136;36767;1322684855;0.0464;1254013.4400640118;12463
2.4.2016;1459555200;23.520;166851513282.777;416.31;11.61;1726.9503;29358;790470279;0.0283;1220341.0579831232;10762
5.4.2016;1459814400;25.706;166851513282.777;419.71;10.39;1918.4151;39173;1282980842;0.0450;1218889.9994481034;12096
8.4.2016;1460073600;26.140;166851513282.777;419.95;9.74;1973.1984;34010;1120960125;0.0390;1246504.8380707593;11564
11.4.2016;1460332800;27.012;166851513282.777;420.75;8.72;1971.8315;30327;809577184;0.0289;1277311.9918633823;12058
14.4.2016;1460592000;27.545;178678307671.688;423.87;8.48;2040.3898;34781;1121719747;0.0394;1319607.317131885;12319
17.4.2016;1460851200;28.221;178678307671.688;430.58;9.45;2099.2955;40203;1201820598;0.0423;1313989.7857238066;12505
20.4.2016;1461110400;30.156;178678307671;435.95;8.54;2269.7286;32944;1076546004;0.0378;1339935.2964277354;12679
23.4.2016;1461369600;30.869;178678307671;447.7;8.31;2314.4714;31845;861316279;0.0302;1320902.1246013239;12584
26.4.2016;1461628800;31.493;178678307671;462.5;7.50;2327.7401;32582;939517922;0.0335;1285373.537194018;13372
29.4.2016;1461888000;32.661;178659257772;449.98;7.52;2445.4120;37332;1063388022;0.0374;1239654.1518400884;14985
2.5.2016;1462147200;32.281;178659257772;453;10.03;2435.2643;41748;1177337542;0.0411;1309380.4892670915;17590
5.5.2016;1462406400;33.872;178659257772;446.84;9.79;2548.6649;38707;1358637069;0.0477;1384198.4377660155;14754
8.5.2016;1462665600;34.463;178659257772;459.02;9.44;2596.7218;40063;1261744195;0.0442;1404498.3231961315;14766
11.5.2016;1462924800;34.840;190502504490.88;450.78;9.97;2576.6882;40811;1397950926;0.0501;1404003.341855049;16737
14.5.2016;1463184000;36.846;194254820283;455.82;10.14;2768.5727;45745;1537818716;0.0548;1410311.6758111045;16645
17.5.2016;1463443200;36.463;194254820283;454;12.26;2777.3602;40309;1284047189;0.0449;1364319.776956976;16885
20.5.2016;1463702400;40.048;194254820283;436.05;13.73;3019.8040;45177;1658172149;0.0583;1364319.776956976;17303
23.5.2016;1463961600;40.332;194254820283;438.47;13.45;3047.7928;43806;1325875411;0.0468;1477438.3024478473;18110
26.5.2016;1464220800;41.950;199312067531;448.7;12.37;3161.3230;51147;1618046432;0.0570;1502286.33102257;24304
29.5.2016;1464480000;43.619;199312067531;526.64;12.28;3275.4294;45890;1627804887;0.0575;1441462.0628728983;18728
1.6.2016;1464739200;42.000;199312067531;531.97;13.83;3170.4475;42221;1425852805;0.0501;1375776.66173109;17481
4.6.2016;1464998400;44.999;199312067531;567.88;13.66;3396.8318;37875;1107944429;0.0391;1361622.5808490815;16496
7.6.2016;1465257600;46.207;199312067531;583.72;14.41;3465.5588;46141;2845963523;0.1004;1452208.698493926;17193
10.6.2016;1465516800;46.862;196061423939;574.32;13.97;3424.0833;40145;1302395289;0.0468;1482798.3277158975;17682
13.6.2016;1465776000;49.146;196061423939.25;665.85;17.55;3714.9746;46185;1682028208;0.0587;1476356.5032597515;21159
16.6.2016;1466035200;49.685;196061423939;693.88;20.61;3717.1685;43392;1814513168;0.0640;1452193.6709485457;17847
19.6.2016;1466294400;49.439;196061423939;751.96;12.33;3855.0105;51035;2537463020;0.0865;1506494.2971872743;21472
22.6.2016;1466553600;51.004;209453158595;664.46;13.21;3914.4371;48615;2305841686;0.0797;1524578.422385463;22427
25.6.2016;1466812800;53.446;209453158595;665;14.28;3971.3075;36684;1301309403;0.0461;1536803.6434820157;17645
28.6.2016;1467072000;55.833;209453158595;651.85;12.15;4215.9351;43089;1469765402;0.0748;1499324.1103490442;20244
1.7.2016;1467331200;55.250;209453158595;667.95;12.23;4235.8486;40085;2158272351;0.0747;1579645.0448320284;18578
4.7.2016;1467590400;57.434;209557682217.146;656.97;11.34;4332.1514;39950;1224175371;0.0428;1574951.6271818082;19746
7.7.2016;1467849600;57.701;213398925331;673.76;10.07;4320.9295;40433;1218807221;0.0429;1554081.0534019496;19141
10.7.2016;1468108800;58.464;213398925331;647.41;10.97;4385.4846;39358;1282671816;0.0450;1551816.1359546129;19177
13.7.2016;1468368000;59.851;213398925331;664.5;10.44;4517.2296;35740;1149799735;0.0401;1521507.2270492485;17212
16.7.2016;1468627200;58.591;213398925331;663.19;11.59;4426.8996;38062;1093312003;0.0382;1524538.117939783;18614
19.7.2016;1468886400;60.393;213492501107;673.46;11.63;4514.7929;44184;1362771496;0.0484;1500475.0643218402;25051
22.7.2016;1469145600;59.596;213492501107;664;14.82;4434.4853;48458;1736914290;0.0619;1508326.0759691785;23022
25.7.2016;1469404800;58.041;213492501107;661.48;13.84;4353.0916;54856;1754648808;0.0618;1408466.1626519624;23722
28.7.2016;1469664000;55.687;213492501107;655.37;12.87;4230.6929;48555;2102090676;0.0734;1382692.2931524094;23697
31.7.2016;1469923200;54.483;213492501107;654.68;11.86;4120.2423;48749;1351488065;0.0476;1434240.0321515142;21059
3.8.2016;1470182400;48.633;201893210853;530.74;10.42;3614.2588;49475;1482317473;0.0526;1539535.4506946113;22256
6.8.2016;1470441600;53.004;201893210853;572.72;10.95;3924.4177;41487;1177530476;0.0418;1629641.01091823;19234
9.8.2016;1470700800;56.755;201893210853;591.69;12.22;4353.1675;47057;1400157039;0.0485;1547003.2939682815;21994
12.8.2016;1470960000;60.031;201893210853;586.01;11.78;4529.4509;44400;1326666513;0.0468;1491087.512258583;19484
15.8.2016;1471219200;59.514;203483855226.699;567.34;11.21;4512.4457;42302;1226846171;0.0428;1521477.1314671084;19571
18.8.2016;1471478400;61.110;217375482757;570.92;10.77;4717.6488;47799;1649547423;0.0574;1546812.8463101187;19253
21.8.2016;1471737600;63.103;217375482757;577.52;11.14;4860.5322;42543;1279475184;0.0446;1593082.7517429232;19699
24.8.2016;1471996800;65.493;217375482757;581.98;11.01;4968.8061;46821;1365497931;0.0479;1676441.7329387732;19583
27.8.2016;1472256000;69.020;217375482757;577.77;11.19;5241.1926;47938;1297050238;0.0453;1586908.0123950825;19502
30.8.2016;1472515200;68.220;220755908330;571.5;11.21;5104.6336;46979;1474009089;0.0519;1589814.8359045999;19917
2.9.2016;1472774400;70.130;220755908330;571;12.08;5339.3071;55413;2097074659;0.0731;1621724.9894524557;21088
5.9.2016;1473033600;67.661;220755908330;603.95;11.75;5116.8905;42667;1303037941;0.0455;1628830.7598156298;19960
8.9.2016;1473292800;68.487;220755908330;615.33;11.39;5135.7331;55970;1863985100;0.0658;1614721.5424543784;22084
11.9.2016;1473552000;71.178;220755908330;621.65;11.64;5414.1144;43345;1223254865;0.0426;1620992.3057260471;20445
14.9.2016;1473811200;72.546;225832872179;608.82;11.97;5550.9528;53859;1682711707;0.0587;1727836.8198172145;20042
17.9.2016;1474070400;75.421;225832872179;607.04;12.83;5705.4374;46882;1585781668;0.0557;1767828.8105885356;20923
20.9.2016;1474329600;74.758;225832872179;608.66;14.72;5747.8625;54067;1480764928;0.0511;1674309.4768301244;24175
23.9.2016;1474588800;72.670;225832872179;594.08;13.36;5966.6603;35219;1357490092;0.2174;1663083.2638628713;17914
26.9.2016;1474848000;75.443;241227200229;598.98;12.89;5867.8083;43514;2542248908;0.2901;1804386.9344397674;17635
29.9.2016;1475107200;83.711;241227200229;603.85;13.17;6382.9672;40416;1396207408;0.1520;1854675.1988884746;17897
2.10.2016;1475366400;76.005;241227200229;612.98;13.23;6609.1126;51105;3743242598;0.4114;1803859.5758785184;20007
5.10.2016;1475625600;80.800;241227200229;607.18;13.09;6594.0094;41719;2866971417;0.3289;1815851.045043903;16327
8.10.2016;1475884800;76.211;250540187707.846;614.74;12.24;6698.4587;37690;2565205408;0.2763;1891426.4062822273;18762
11.10.2016;1476144000;89.686;258522748404;614.77;11.75;6937.1736;41053;1564187991;0.1728;1897250.873499276;17386
14.10.2016;1476403200;91.991;258522748404;634.02;11.90;7226.2037;42006;1486426699;0.2221;1839562.571373267;15842
17.10.2016;1476662400;92.157;258522748404;638.97;11.98;7121.9336;38136;1078574284;0.3618;1734916.7963550289;16767
20.10.2016;1476921600;92.825;258522748404;627.72;12.05;7670.9150;43438;2271887910;0.2083;1740424.4687244084;20555
23.10.2016;1477180800;102.341;253618246641;653.25;11.95;7558.2757;35364;1003447161;0.0838;1820178.174170574;17439
26.10.2016;1477440000;104.784;253618246641;651.45;11.50;7897.5795;45158;1320784021;0.1084;1833053.4605573525;18399
29.10.2016;1477699200;85.036;253618246641;685.91;10.39;5933.8419;40011;1103589525;0.0974;1851491.3576252167;16901
1.11.2016;1477958400;73.351;253618246641;697.01;10.75;5264.4502;49025;1473547479;0.1262;1912727.453110877;20015
4.11.2016;1478217600;57.160;253618246641;683.69;11.13;4164.5726;32572;909734105;0.0771;1826276.4947781826;13170
7.11.2016;1478476800;58.599;254620187304;709.96;10.90;4601.8022;41941;1155660767;0.0916;1800654.255308608;17921
10.11.2016;1478736000;62.532;254620187304;721.5;10.52;4596.5170;40164;1345345017;0.1128;1895952.1788809733;15688
13.11.2016;1478995200;64.651;254620187304;702.28;10.13;4937.1280;43673;1300556775;0.1049;1996227.2761553747;17387
16.11.2016;1479254400;67.943;254620187304;711.73;10.01;5050.1138;41684;1307260877;0.1082;2064937.9976172464;15618
19.11.2016;1479513600;71.949;281800917193;748.98;9.70;5480.2832;39289;1103106990;0.0899;2030505.8406368382;15538
22.11.2016;1479772800;81.078;281800917193;736.97;9.84;5955.0846;53585;1568306298;0.1326;1985338.1054490523;29347
25.11.2016;1480032000;65.987;281800917193;735.64;9.39;5301.8374;58075;2334154461;0.1682;2017209.538877899;29251
28.11.2016;1480291200;67.650;281800917193;727.31;8.67;5544.2870;48388;4699460436;0.2357;2119270.735785414;16449
1.12.2016;1480550400;70.310;281800917193;742.05;8.44;5268.3704;37121;1179561410;0.0592;2107263.5361492364;14722
4.12.2016;1480809600;75.672;286765766820;762.97;7.54;5551.9253;39643;1131598024;0.0683;2151639.915632281;16951
7.12.2016;1481068800;73.643;286765766820;758.99;8.35;5496.8057;41757;1404643653;0.0578;2208481.8450625255;14962
10.12.2016;1481328000;80.985;286765766820;769.08;8.09;6040.1544;40564;1210059849;0.0539;2136244.0807198593;14657
13.12.2016;1481587200;82.224;286765766820;777.99;8.40;6168.7280;44664;1328681874;0.0546;2282869.031922748;14433
16.12.2016;1481846400;84.138;310153855703;775.88;7.85;6290.8766;43953;1291609871;0.0574;2187573.2446520803;16139
19.12.2016;1482105600;88.902;310153855703;788.67;7.61;6588.4056;45599;1495809320;0.0646;2182935.161392176;16637
22.12.2016;1482364800;88.552;310153855703;834.97;7.64;6475.3330;55173;1695203949;0.0746;2262016.178870619;22942
25.12.2016;1482624000;78.750;310153855703;892.6;7.19;5939.9539;36601;1044011922;0.0425;2343510.4326371374;13705
28.12.2016;1482883200;79.482;312083434211.183;930.34;7.57;5906.9011;43386;1356040583;0.0559;2380918.5854491703;15071
31.12.2016;1483142400;81.073;317688400354;958.12;8.05;5957.5536;41220;1267201745;0.0576;2420681.793241785;15516
3.1.2017;1483401600;80.545;317688400354;1013.42;9.60;5984.9265;45883;1725017707;0.0713;2479403.0382490805;14621
6.1.2017;1483660800;91.837;317688400354;999.65;10.07;6783.5835;43804;1346979886;0.0592;2443306.178729531;16841
9.1.2017;1483920000;97.382;317688400354;910.49;10.20;7281.1030;46188;1557850735;0.0639;2393672.996890151;17027
12.1.2017;1484179200;99.976;336899932795;780.92;9.81;7432.2530;50589;1613483109;0.0689;2523147.512822688;17455
15.1.2017;1484438400;103.641;336899932795;819.55;9.88;7741.9086;41748;1333535915;0.0549;2641887.4804168753;15988
18.1.2017;1484697600;102.053;336899932795;906.6;10.19;7592.5237;44994;1514489339;0.0623;2729823.9990832997;16318
21.1.2017;1484956800;108.358;336899932795;895.64;10.91;8044.0736;43302;1388291037;0.0573;2844663.2207800555;16131
24.1.2017;1485216000;109.885;392963262344;919.97;10.51;8124.3364;50414;1886697084;0.0780;2952040.6727111144;17423
27.1.2017;1485475200;112.707;392963262344;915.05;10.51;8244.2883;46680;1559585360;0.0652;3053427.6840616013;16089
30.1.2017;1485734400;110.965;392963262344;912.19;10.62;8348.0885;45369;1490998292;0.0624;3044561.7015277296;16759
2.2.2017;1485993600;113.890;392963262344;983.42;10.78;8407.2648;43709;1558834935;0.0646;3150605.097181306;16351
5.2.2017;1486252800;118.163;422170566883;1034.07;11.22;8773.2937;46542;1567592675;0.0644;3113197.005316728;16953
8.2.2017;1486512000;120.240;422170566883;1052.84;11.39;8981.8497;51089;1831684518;0.0754;3030498.4575872305;16947
11.2.2017;1486771200;124.729;422170566883;997.59;11.43;9275.2906;46560;1761766435;0.0735;3108957.5113852993;15901
14.2.2017;1487030400;129.976;422170566883;1001.2;13.00;9629.3742;58298;2194959803;0.0909;3222882.666093726;19137
17.2.2017;1487289600;133.278;422170566883;1035.2;12.72;9813.8180;49406;1731885385;0.0719;3159924.027965383;18047
20.2.2017;1487548800;137.087;440779902286;1050.87;12.52;10118.1204;50152;1804435972;0.0749;3190296.409473513;18491
23.2.2017;1487808000;139.771;440779902286;1130.01;13.13;10249.8892;47601;1835447879;0.0761;3147790.986611596;17754
26.2.2017;1488067200;147.403;440779902286;1150.37;14.59;11038.1733;51716;1704657840;0.0698;3399379.7914136187;18730
1.3.2017;1488326400;152.610;440779902286;1190.89;17.55;11193.1403;59774;2146017149;0.0919;3449462.7349335277;24651
4.3.2017;1488585600;158.696;460769358090;1287;18.61;11641.3951;58756;1881415432;0.0783;3361582.2139871162;23540
7.3.2017;1488844800;165.933;460769358090;1279.5;18.91;12126.1529;62589;1962866259;0.0820;3321030.01541913;21813
10.3.2017;1489104000;172.946;460769358090;1192.09;19.13;12622.6645;65132;2244444377;0.0951;3344125.478047892;24371
13.3.2017;1489363200;180.235;460769358090;1227.68;28.45;13434.1504;81718;3230713433;0.1333;3429201.077293728;34429
16.3.2017;1489622400;185.854;460769358090;1257;45.51;13794.9629;109950;3665163840;0.1520;3455378.184753985;44107
19.3.2017;1489881600;190.867;475705205061;967.69;43.12;13915.1809;84599;2539978136;0.1051;3561598.2231778777;31709
22.3.2017;1490140800;201.632;475705205061;1113;41.65;14914.7357;78821;2630501522;0.1052;3595072.830341044;30383
25.3.2017;1490400000;211.205;475705205061;927.93;50.62;15439.4585;84394;2527232365;0.1023;3587653.559469174;33780
28.3.2017;1490659200;229.549;475705205061;1041.04;50.25;16458.9570;84348;2829505044;0.1177;3618057.4031934883;32440
31.3.2017;1490918400;240.139;499635929816;1034.74;49.91;17643.5302;103102;3436349297;0.1374;3506716.603028721;44816
3.4.2017;1491177600;225.778;499635929816;1079.99;44.13;16564.8723;100221;3376865972;0.1321;3704147.3295651013;42730
6.4.2017;1491436800;248.619;499635929816;1133.53;43.23;17967.3505;95177;3183645283;0.1306;3672333.296482463;40228
9.4.2017;1491696000;253.175;499635929816;1184.03;43.72;18009.4232;74557;2602180314;0.1100;3789422.1841963967;28630
12.4.2017;1491955200;260.942;499635929816;1219.09;46.38;18555.8787;80347;3182442702;0.1360;3768133.2955211354;32314
15.4.2017;1492214400;272.397;520808749422;1170.36;48.89;19260.1407;74820;2598033805;0.1111;3727936.320298501;30949
18.4.2017;1492473600;282.740;520808749422;1176.97;49.88;20302.3049;83303;3260252456;0.1331;3636471.778448948;34029
21.4.2017;1492732800;290.823;520808749422;1236.63;48.27;20805.2888;81278;3790138031;0.1532;3809461.3800021405;31523
24.4.2017;1492992000;295.212;520808749422;1240.84;49.94;20664.8066;80531;3142866515;0.1288;3761380.799477843;35372
27.4.2017;1493251200;313.696;521839702599.075;1288.02;63.14;21617.4059;104494;3855782843;0.1596;3836567.889059681;47165
30.4.2017;1493510400;332.584;521974519553;1333;79.83;22938.2706;95202;3369941640;0.1392;3821883.550069876;41994
3.5.2017;1493769600;339.479;521974519553;1447.55;80.37;23614.2464;97334;3466927160;0.1431;3881003.7613992137;41383
6.5.2017;1494028800;349.260;521974519553;1518.75;94.82;24415.8585;95014;3895528821;0.1601;3914364.8252507835;43008
9.5.2017;1494288000;365.570;521974519553;1651.1;86.27;25606.8006;112933;4941861347;0.2027;4073756.574763835;51935
12.5.2017;1494547200;379.251;559970892890;1829;85.15;26696.7857;107241;5266065050;0.2152;4221326.561466259;47119
15.5.2017;1494806400;414.048;559970892890;1780;90.32;27814.0407;122792;6301530936;0.2713;4268826.866837841;52285
18.5.2017;1495065600;414.448;559970892890;1783.98;95.88;27740.2141;137409;7193965880;0.3059;4274860.982225618;59137
21.5.2017;1495324800;451.327;559970892890;2008.84;148.00;30501.1451;149699;7608565060;0.3248;4274860.982225619;60760
24.5.2017;1495584000;458.978;595921917085;2256.32;193.03;30975.7050;187293;11331763125;0.4831;4400811.960649634;82374
27.5.2017;1495843200;473.268;595921917085;2279.82;156.63;32153.7231;149450;8220637008;0.3506;4576075.581265672;65466
30.5.2017;1496102400;513.217;595921917085;2290.02;228.58;36263.7391;193618;12123850008;0.4952;4794765.226710832;84395
2.6.2017;1496361600;574.506;595921917085;2409.93;222.04;36298.9273;194911;12488700413;0.5484;4837084.425534402;80502
5.6.2017;1496620800;599.656;678760110082;2529.53;247.75;39283.0384;190305;9761889950;0.3960;5167926.409593828;90497
8.6.2017;1496880000;640.655;678760110082;2683.03;259.41;41827.9352;187700;10261845222;0.4193;5315464.142712018;87377
11.6.2017;1497139200;682.857;678760110082;2898.63;339.68;45025.9063;240490;12661099741;0.5136;5220268.568164632;116208
14.6.2017;1497398400;713.189;678760110082;2706;343.84;47653.2451;250410;11460738761;0.4601;4969618.553811391;125711
17.6.2017;1497657600;761.530;679668719408.648;2477.94;368.10;50988.9850;242022;11471789945;0.4617;4950512.1742224675;114518
20.6.2017;1497916800;847.174;711697198173;2600;350.53;53605.3273;308488;16318742376;0.6978;5052025.489071213;151616
23.6.2017;1498176000;881.532;711697198173;2713.48;326.85;54340.7602;276012;12816221982;0.5563;5145067.926988111;141004
26.6.2017;1498435200;923.853;711697198173;2502.03;253.68;58414.4698;316788;13547864341;0.5792;4988391.005832284;161655
29.6.2017;1498694400;962.749;711697198173;2558.3;292.90;61553.5382;263791;14345970753;0.5412;4942904.157754784;128479
2.7.2017;1498953600;1002.208;708707940675.899;2421.26;283.99;63113.6089;248617;13002683664;0.3852;5333067.905316561;116552
5.7.2017;1499212800;1022.956;708659466230;2598.89;266.00;64822.7346;271606;14865252727;0.4447;5535157.712196701;126131
8.7.2017;1499472000;1055.963;708659466230;2502.86;245.67;67464.2959;248142;12858510908;0.3767;5611261.893314176;114782
11.7.2017;1499731200;1214.203;708659466230;2327.09;190.55;68636.1856;291677;14105413216;0.4645;5596164.327681943;137156
14.7.2017;1499990400;1182.556;761764941640.259;2338.49;197.14;66162.8973;249381;12734885135;0.4212;5861899.508277555;116172
17.7.2017;1500249600;1204.494;804525194568;1910.96;189.97;66693.2842;248473;11980769662;0.3999;5848067.99578062;116018
20.7.2017;1500508800;1271.418;804525194568;2265.21;226.33;73430.2935;250065;11664100238;0.3748;6016114.579447603;123586
23.7.2017;1500768000;1315.028;804525194568;2825.51;228.32;75690.2025;260490;11670362240;0.3728;6341773.203406303;134919
26.7.2017;1501027200;1331.461;804525194568;2564.3;202.88;76836.4143;223010;10833315646;0.3469;6404619.6045211395;107111
29.7.2017;1501286400;1332.178;860221984436;2784.8;206.14;76584.8357;198773;9555608826;0.3038;6501258.798878653;96858
1.8.2017;1501545600;1606.730;860221984436;2862.9;225.90;80820.0069;218582;12712633763;0.4631;6350028.428756065;106335
4.8.2017;1501804800;1590.668;860221984436;2790;220.60;79754.3216;257160;12936116501;0.4768;6518130.266060152;121420
7.8.2017;1502064000;1619.968;860221984436;3210.2;269.94;82348.3479;281172;13825333409;0.5029;6646415.866423098;129098
10.8.2017;1502323200;1650.127;923233068448;3340.28;298.28;83442.1715;338241;15013390317;0.5547;6749801.502005899;154838
13.8.2017;1502582400;1690.846;923233068448;3868.52;296.62;87653.9263;333011;16412188461;0.5916;6519361.848771334;143487
16.8.2017;1502841600;1713.531;923233068448;4179.97;301.38;91289.1473;413624;23252716251;0.8304;6379288.902132113;178464
19.8.2017;1503100800;1795.854;923233068448;4104.71;293.02;95425.5042;377418;19220763789;0.6801;6812005.312759782;167550
22.8.2017;1503360000;1804.398;923233068448;3986.28;313.37;95942.1567;364727;17186834718;0.6122;6182599.624574085;161069
25.8.2017;1503619200;2154.673;888171856257;4331.77;330.06;95339.2953;352621;14108202514;0.5914;5496342.44614583;167143
28.8.2017;1503878400;2133.303;888171856257;4339.05;347.66;92566.5693;363799;16485319187;0.7125;5353592.710068663;162083
31.8.2017;1504137600;2215.537;888171856257;4582.52;388.33;97955.4642;384421;19022461476;0.8156;6118103.511203514;188436
3.9.2017;1504396800;2250.289;888171856257;4585.57;352.45;98450.1542;302525;14093399641;0.5932;6944362.851376359;139176
6.9.2017;1504656000;2232.600;903315386418.901;4385.02;338.92;99614.2702;496376;21850533489;0.9264;7539158.186311713;209382
9.9.2017;1504915200;2321.405;922724699725;4312.26;303.79;104087.0767;383654;17994285809;0.7523;7786592.785243903;166726
12.9.2017;1505174400;2375.290;922724699725;4198.59;294.10;108070.1938;404898;19047548800;0.7874;7745290.322226867;196919
15.9.2017;1505433600;2366.097;922724699725;3216.43;259.57;109240.2979;441767;20666662769;0.8509;7948423.993960397;205483
18.9.2017;1505692800;2351.653;1052185622754.52;3678.53;297.53;105851.5969;362764;18065378622;0.7560;8052399.125350653;179199
21.9.2017;1505952000;2405.383;1103400932964;3894.48;257.77;109411.5400;317074;17557702349;0.7171;7953567.898871058;143325
24.9.2017;1506211200;2945.612;1103400932964;3777.62;282.60;106744.3503;280929;15049348283;0.7629;8039495.313184744;124968
27.9.2017;1506470400;2916.043;1103400932964;3881;309.97;105672.8117;309047;16132176667;0.8271;8117852.967309351;136268
30.9.2017;1506729600;2773.895;1103400932964;4164.27;302.77;97246.8496;295798;15741288840;0.8252;8141360.263546734;137391
3.10.2017;1506988800;2838.826;1123863285132;4394.07;291.81;101330.3025;327906;16505707600;0.8584;8620716.497159895;141952
6.10.2017;1507248000;2912.479;1123863285132;4318.58;308.33;102813.1953;319882;16237865284;0.8489;8093774.808395992;133418
9.10.2017;1507507200;2930.956;1123863285132;4605.66;296.95;104686.6792;328172;16593181455;0.8569;8795148.10252713;135661
12.10.2017;1507766400;2911.728;1123863285132;4822.17;302.89;105449.0222;363411;16867122755;0.8666;8874958.883856777;154569
15.10.2017;1508025600;2962.491;1182954806242.91;5825.99;336.58;108556.0976;328921;16839186003;0.8575;8760461.40481069;140177
18.10.2017;1508284800;1412.602;1196792694098;5594.66;313.54;113792.9401;470449;21489016601;0.5143;9245168.605723055;165860
21.10.2017;1508544000;1470.935;1196792694098;5986.44;299.55;116687.3756;462902;18071912431;0.4319;10147786.813167527;161304
24.10.2017;1508803200;1496.921;1196792694098;5900.59;296.50;121642.1225;492288;26564339882;0.6329;10037300.02206939;170724
27.10.2017;1509062400;1447.521;1452839779145;5889.82;296.36;117091.7153;486147;26465608457;0.6326;10222239.67398939;155329
30.10.2017;1509321600;1447.379;1452839779145;6136.49;306.80;115204.0015;532626;26614306113;0.6525;9904229.24221839;166929
2.11.2017;1509580800;1441.550;1452839779145;6751.98;284.92;115774.5028;529277;29711567693;0.7201;9151439.670286456;221245
5.11.2017;1509840000;1439.533;1452839779145;7365.99;296.23;117028.6700;417102;18773996019;0.4440;9636352.48257898;151377
8.11.2017;1510099200;1454.538;1452839779145;7128.64;307.35;116144.1465;480413;23449784813;0.5600;10038726.943842974;190605
11.11.2017;1510358400;1437.744;1364422081125;6569.22;314.23;115718.4140;394378;22677610504;0.5389;9438552.350897446;160813
14.11.2017;1510617600;1448.755;1364422081125;6493.63;334.72;114709.8740;475984;25946874938;0.6312;8374026.663170229;200518
17.11.2017;1510876800;1403.216;1364422081125;7868.77;331.72;112630.8165;508590;26784225318;0.6396;8710769.256809773;213857
20.11.2017;1511136000;1489.214;1364422081125;8049.72;367.71;120188.5528;530141;26027982305;0.6278;10367656.401319752;220195
23.11.2017;1511395200;1518.894;1364422081125;8236.72;406.57;122161.9842;537068;26725364867;0.6428;10571133.769943774;226587
26.11.2017;1511654400;1553.380;1347001430558;8768.8;470.54;125187.2930;542484;27674135132;0.6680;10466026.600491593;221071
29.11.2017;1511913600;1520.780;1347001430558;9919;427.42;123404.9935;663579;29519996063;0.7195;10675597.38249016;300257
2.12.2017;1512172800;1570.293;1347001430558;10879.88;457.96;125605.2762;627785;30183667434;0.7420;11124893.200882027;271772
5.12.2017;1512432000;1477.492;1347001430558;11591.22;453.96;123432.1491;693090;35038771633;0.9321;11660571.635318296;291425
8.12.2017;1512691200;1552.890;1590896927258;16860.88;451.74;127322.6374;766411;37650148331;0.9632;12250080.260484828;334093
11.12.2017;1512950400;1575.712;1590896927258;15068.95;513.29;128336.6496;828899;42190609044;0.9414;13045585.147711342;383467
14.12.2017;1513209600;1641.299;1590896927258;16252.31;693.58;137629.7703;942559;43964305213;0.9657;13466860.989525383;464402
17.12.2017;1513468800;1754.690;1590896927258;19279.9;717.71;142954.4584;876574;41694276203;0.9021;13817089.756870428;401426
20.12.2017;1513728000;1716.149;1873105475221;17382.94;799.17;143787.1073;986104;41579518582;0.9334;14113591.517251628;493822
23.12.2017;1513987200;1792.357;1873105475221;13776.61;700.44;149570.4924;918881;41686739250;0.8767;13848863.35113877;451498
26.12.2017;1514246400;1865.831;1873105475221;13740.94;753.40;151469.2196;813510;38712289894;0.8079;13182080.716287086;397073
29.12.2017;1514505600;1870.551;1873105475221;14214.01;739.60;153605.9851;1090191;43383854091;0.9380;13807265.170036314;544455
1.1.2018;1514764800;1935.072;1922580604979.83;13796;756.20;159441.8475;908945;39876127062;0.8416;14403625.439522544;453142
4.1.2018;1515024000;1895.450;1931136454487;15039.24;944.83;162473.4175;1349890;41332879147;0.9475;15259817.611418003;704786
7.1.2018;1515283200;1950.647;1931136454487;17155.95;1117.75;169010.8826;1152722;42259801663;0.9558;15428139.724953618;599293
10.1.2018;1515542400;2005.905;1931136454487;14437.42;1248.99;174332.6871;1177685;41211834716;0.9515;15592706.54868646;645543
13.1.2018;1515801600;2140.802;2134254177773.12;13791.19;1385.02;181051.4051;1179321;41404605848;0.9597;16468932.151341459;631490
16.1.2018;1516060800;2201.747;2227847638503;13554.14;1050.26;187122.9824;1277936;42377287097;0.9594;17062630.20071296;719094
19.1.2018;1516320000;2268.780;2227847638503;11174.82;1037.36;188933.6732;1043257;40650250975;0.8940;17687863.11522236;529466
22.1.2018;1516579200;2395.157;2227847638503;11513.42;999.64;197018.3120;972911;42384341493;0.9008;18921900.076749504;496789
25.1.2018;1516838400;2507.603;2460585023617.37;11392.03;1046.37;203394.4979;788515;38694327499;0.8186;19532771.52981132;358125
28.1.2018;1517097600;2500.394;2603077300218;11431.37;1231.58;204748.6580;889104;39324531791;0.8172;19835912.442741893;419513
31.1.2018;1517356800;2626.765;2603077300218;10082.52;1111.31;215826.4032;877284;41266872563;0.8770;19594807.84689165;435646
3.2.2018;1517616000;2765.665;2603077300218;8852.73;970.87;223750.0072;814486;39679298889;0.8306;19890578.531373043;387179
6.2.2018;1517875200;2787.077;2607870187292.06;6925.46;785.01;226643.5460;888219;39381740316;0.8310;21327603.83546641;426817
9.2.2018;1518134400;2877.238;2874674234415;8245.08;877.88;232843.1343;789807;38742315523;0.8162;21410144.29262484;370462
12.2.2018;1518393600;2943.733;2874674234415;8068.02;865.27;241154.4129;829020;38752828307;0.8151;21169737.435407598;395977
15.2.2018;1518652800;2892.302;2874674234415;9471.64;927.95;238380.5890;777318;38240882715;0.8016;21822998.378448155;369500
18.2.2018;1518912000;3003.822;2874674234415;11085.83;913.90;243539.0262;756092;39397382859;0.8234;22619160.152778827;314609
21.2.2018;1519171200;2911.436;3007383866429;11245.98;840.10;241642.4700;850504;40847542931;0.8733;22155981.443510767;351755
24.2.2018;1519430400;2974.925;3007383866429;10171.3;833.49;244536.0463;732861;38209268440;0.8167;22674608.889106598;282273
27.2.2018;1519689600;2978.767;3007383866429;10319.46;871.58;243300.4607;694583;37544097966;0.8006;23129455.071288913;334755
2.3.2018;1519948800;3077.244;3007383866429;10931.12;855.60;255012.3761;744666;39983716238;0.8476;23343023.446831755;336320
5.3.2018;1520208000;3135.226;3233581400367.21;11516.83;849.42;254483.1024;752756;38793616163;0.8244;24069842.792463057;342785
8.3.2018;1520467200;3237.862;3290605988755;9920.46;698.83;262514.1983;690139;37448073374;0.7997;24918422.5805921;329913
11.3.2018;1520726400;3148.891;3290605988755;8777.37;720.36;257997.7068;608899;34925525031;0.7332;24840322.333639424;270699
14.3.2018;1520985600;3135.698;3290605988755;9153.54;613.15;256444.9328;671198;35522019946;0.7603;24863690.463774543;342301
17.3.2018;1521244800;3261.562;3290605988755;8297.89;549.79;266964.9124;593203;31445915711;0.6715;24887058.59390969;272699
20.3.2018;1521504000;3281.437;3462542391191;8605.64;557.57;267110.5194;661791;34824000498;0.7308;24504394.823239304;310437
23.3.2018;1521763200;3284.345;3462542391191;8725.37;543.83;264344.1817;677103;34522177147;0.7234;24653093.04215949;362118
26.3.2018;1522022400;3333.441;3462542391191;8457.96;486.25;270957.8644;626615;31967319199;0.6659;24490774.31523525;299394
29.3.2018;1522281600;3183.492;3462542391191;7950.61;383.90;259874.6018;583673;30620605384;0.6527;24908789.539491273;286067
1.4.2018;1522540800;3239.618;3494288842678.95;6937.56;378.85;259619.4056;545141;32806978500;0.6820;25653102.32381051;242924
4.4.2018;1522800000;3176.982;3511060552899;7426.48;378.65;256180.9285;628441;38069223989;0.7933;26526747.478073098;278604
7.4.2018;1523059200;3235.885;3511060552899;6634.68;384.98;259807.1339;535865;35226156928;0.7287;27476916.425880525;257955
10.4.2018;1523318400;3135.858;3511060552899;6784.41;415.65;255877.3350;571388;34498152250;0.7111;27252513.29717552;274869
13.4.2018;1523577600;3085.986;3511060552899;7941.46;494.96;254808.1705;730344;39941881291;0.8439;28224926.85489724;325286
16.4.2018;1523836800;3113.712;3839316899029;8368.1;511.67;256052.3846;664402;41367262885;0.8727;28081059.67228455;299241
19.4.2018;1524096000;3098.361;3839316899029;8175.96;567.25;256511.2913;814318;42227790268;0.9094;29770217.79215049;337828
22.4.2018;1524355200;3146.736;3839316899029;8930.6;621.33;256619.2584;748858;40830020164;0.8659;29909466.519146387;377403
25.4.2018;1524614400;3129.306;3839316899029;9658.11;617.73;257805.5643;799014;40232833784;0.8651;29146052.606169093;354255
28.4.2018;1524873600;3128.856;4022059196164;8928.55;683.02;254255.7956;775321;37348503833;0.8182;27778760.672412448;336485
1.5.2018;1525132800;3113.973;4022059196164;9239.55;670.81;256434.1957;713839;40429240606;0.9002;28362730.68046656;318286
4.5.2018;1525392000;3202.794;4022059196164;9753.35;784.21;266084.0108;1000526;40546297144;0.9013;29362271.603808273;638527
7.5.2018;1525651200;3327.780;4022059196164;9631.44;752.40;276583.2170;789863;40758232103;0.8745;29562209.250915933;396945
10.5.2018;1525910400;3279.764;4022059196164;9310.37;723.61;270049.0630;854827;42077652571;0.9269;29676459.334977467;384352
13.5.2018;1526169600;3397.010;4143878474754;8463.52;729.34;278287.4780;762439;42095138110;0.9151;30171351.48208328;350874
16.5.2018;1526428800;3286.345;4143878474754;8471.06;706.72;269830.2400;807257;41845709141;0.9277;30795200.338413674;404851
19.5.2018;1526688000;3250.212;4143878474754;8239.08;696.05;272017.1413;846288;40966882698;0.9159;30575293.6611207;419001
22.5.2018;1526947200;3323.281;4143878474754;8396.63;640.84;275055.3865;822409;41456171332;0.9271;31340411.693064038;417019
25.5.2018;1527206400;3202.992;4306949573981;7576.78;584.77;266471.1125;800838;41338035589;0.9191;32357235.30874434;386640
28.5.2018;1527465600;3232.392;4306949573981;7344.56;512.03;269029.2955;861002;42560712962;0.9344;33709958.186741255;438416
31.5.2018;1527724800;3249.295;4306949573981;7386.72;577.23;272316.5210;832842;43057803542;0.9548;34898238.8104217;410576
3.6.2018;1527984000;3202.593;4306949573981;7637.14;619.04;266067.2667;809997;41445574359;0.9331;34255939.93661024;408190
6.6.2018;1528243200;3163.393;4940704885521;7619.43;606.30;265007.3855;754070;40366304070;0.9011;36806214.50141673;368497
9.6.2018;1528502400;3303.497;4940704885521;7615.54;593.38;280223.7453;769427;40490126878;0.9029;37002587.20624813;382920
12.6.2018;1528761600;3333.043;4940704885521;6879.31;494.53;277830.7046;770199;41570624158;0.9098;34735390.61421154;337754
15.6.2018;1529020800;3257.052;4940704885521;6637.41;487.51;269008.4063;763803;37425182608;0.8094;35226598.158250876;378228
18.6.2018;1529280000;3397.011;4940704885521;6445.79;517.63;279860.2700;695753;40588419803;0.8524;37928239.65046732;329956
21.6.2018;1529539200;3456.540;5077499034879;6760.83;525.77;282764.1807;752035;42185388286;0.8985;39762894.31503469;369142
24.6.2018;1529798400;3454.860;5077499034879;6170.46;455.25;281667.0977;671994;37766116343;0.8030;40441645.50409455;341625
27.6.2018;1530057600;3486.661;5077499034879;6097.46;441.75;288133.7823;771938;40864261407;0.8739;38798076.90988413;375754
30.6.2018;1530316800;3470.085;5077499034879;6223.28;453.42;287848.4026;632981;43190516935;0.9202;37644230.75643031;249734
3.7.2018;1530576000;3455.917;5363678461481;6626.44;461.95;285353.1633;573532;43841659879;0.9438;35642491.797167465;229397
6.7.2018;1530835200;3511.897;5363678461481;6555.51;469.93;287617.8867;459075;43792443117;0.9372;36590525.800866805;216614
9.7.2018;1531094400;3531.174;5363678461481;6724.04;471.48;292711.4538;651926;43370048739;0.9262;37975716.11703958;285438
12.7.2018;1531353600;3441.983;5363678461481;6403.18;430.91;280736.7326;566058;44373182422;0.9260;39423135.58789968;250056
15.7.2018;1531612800;3422.096;5363678461481;6248.84;449.62;280223.7415;453706;44769838833;0.9227;36947286.49300744;225376
18.7.2018;1531872000;3478.378;5178671069072;7321.62;479.02;284188.3364;746145;41558538732;0.9033;37766752.6719309;390950
21.7.2018;1532131200;3236.425;5178671069072;7334.99;461.04;265356.9052;620634;43848849860;0.9146;38873815.39954954;281166
24.7.2018;1532390400;3425.937;5178671069072;7715.1;479.47;282719.1101;784910;42108371249;0.9058;42035153.3565106;408341
27.7.2018;1532649600;3503.120;5178671069072;7939.81;469.69;286980.1700;788715;40925241441;0.8667;42402914.978177354;402720
30.7.2018;1532908800;3562.924;5949437371609;8220.91;456.56;289075.2031;757712;40983817703;0.8608;42742938.88575507;368815
2.8.2018;1533168000;3554.081;5949437371609;7607.7;410.83;292800.3203;779928;42271396577;0.9067;43330461.804432616;363700
5.8.2018;1533427200;3567.619;5949437371610;7011.28;408.81;293048.5066;704249;41847737983;0.8866;45883210.79622877;315435
8.8.2018;1533686400;3591.201;5949437371610;6718.23;355.57;294985.5601;565663;45392269325;0.9547;46221208.66581733;272401
11.8.2018;1533945600;3553.789;6197839919507.6;6138.96;318.01;293393.2115;657312;39400853006;0.8310;46521092.49404175;327442
14.8.2018;1534204800;3545.297;6389316883512;6252.13;278.31;286578.1953;690348;39228141511;0.8249;47856434.09623907;325296
17.8.2018;1534464000;3483.034;6389316883512;6312.75;317.57;284891.2505;607270;42577478825;0.9127;48862992.05777389;301691
20.8.2018;1534723200;3494.743;6389316883512;6486.58;270.81;283826.5336;663769;41363507891;0.8744;48186682.03718505;323289
23.8.2018;1534982400;3451.971;6389316883512;6354.57;275.83;279114.1930;599557;42065549337;0.9008;48277429.084336035;292230
26.8.2018;1535241600;3569.734;6727225469723;6738.27;274.30;288842.6926;574072;42412745552;0.8924;49000382.03378043;303181
29.8.2018;1535500800;3456.093;6727225469723;7078.19;288.67;278007.4815;546841;40990484124;0.8710;51007110.45970806;258943
1.9.2018;1535760000;3427.219;6727225469723;7018.78;295.36;277588.8544;656254;41936588522;0.8925;53028219.010679886;310363
4.9.2018;1536019200;3394.754;6727225469723;7265.08;285.23;276727.4580;589521;41619433121;0.8739;48394221.49353039;299260
7.9.2018;1536278400;3399.656;6971177230937.86;6501.19;215.14;272247.9516;582184;41748180692;0.8853;47988724.25098981;296254
10.9.2018;1536537600;3220.980;7019199231177;6240.98;197.14;260772.6661;561611;41544023685;0.8684;49347584.82553477;273426
13.9.2018;1536796800;3049.956;7019199231177;6326.04;211.27;246361.6094;555753;39998835686;0.8359;52636033.18979827;266722
16.9.2018;1537056000;3129.495;7019199231177;6522.39;220.12;253293.4755;458432;42347625627;0.8691;49996152.174999416;209731
19.9.2018;1537315200;3170.660;7019199231177;6342.39;209.78;257726.2250;507255;42797060711;0.8748;49447839.43928157;217448
22.9.2018;1537574400;3278.090;7152633351906;6756.12;240.78;262892.1809;470309;41200809253;0.8534;51389369.56576641;217765
25.9.2018;1537833600;3222.555;7152633351906;6583.45;219.20;259333.6504;519108;42001178534;0.8594;54374065.72895808;230534
28.9.2018;1538092800;3285.647;7152633351906;6686.08;221.56;264448.9358;500407;42049467383;0.8634;53740253.39560951;237297
1.10.2018;1538352000;3240.653;7152633351906;6611.02;230.89;259027.1628;476308;38550173670;0.7913;54756137.20270987;222643
4.10.2018;1538611200;3261.753;7364268059355.9;6483.73;221.76;261317.7945;559181;40791755826;0.8318;54016485.12247145;269798
7.10.2018;1538870400;3275.289;7454968648263;6573.62;225.65;263804.8258;497767;33826478161;0.6806;51211672.00732196;231586
10.10.2018;1539129600;3294.910;7454968648263;6626.85;225.26;263745.3818;516772;34139298437;0.6935;50515184.98661472;246001
13.10.2018;1539388800;3196.433;7454968648263;6247;199.45;256898.5131;541797;36203199069;0.7346;52041213.86551923;252756
16.10.2018;1539648000;3205.597;7454968648263;6599.17;210.22;257301.1164;575450;35819639765;0.7330;52252978.72356815;276793
19.10.2018;1539907200;3213.605;7182852313938;6509.61;202.86;257014.0360;601119;35201821247;0.7257;51051519.74677629;264054
22.10.2018;1540166400;3114.619;7182852313938;6504.78;203.60;248448.5101;577314;37370081491;0.7703;51214865.43842773;284592
25.10.2018;1540425600;3122.255;7182852313938;6489.77;201.23;248587.8675;537236;39963554987;0.8162;50090631.11163218;260627
28.10.2018;1540684800;3096.523;7182852313938;6457.21;203.72;247255.9293;509862;34801193735;0.7089;49886595.95435465;247335
31.10.2018;1540944000;3108.431;7182852313938;6301.61;197.85;250905.0699;585707;35624494130;0.7232;51977956.31644927;295978
3.11.2018;1541203200;3000.831;7184404942702;6390.42;199.47;238121.4847;505015;33992268567;0.6944;54123853.76932581;231302
6.11.2018;1541462400;3013.425;7184404942702;6437.76;219.56;240620.5981;597166;35232747104;0.7267;51832813.4970715;253403
9.11.2018;1541721600;3003.136;7184404942702;6444.97;209.39;239347.1981;547848;34364620711;0.7054;47652507.45419569;259704
12.11.2018;1541980800;3007.847;7184404942702;6408.53;210.81;240140.4087;571162;35126834156;0.7120;47091289.48631972;262680
15.11.2018;1542240000;3069.795;7184404942702;5756.77;181.53;241426.5550;563051;35050498504;0.7221;47244348.93210407;250766
18.11.2018;1542499200;2991.786;6653303141406;5572.44;177.53;237403.7532;484801;36390346551;0.7389;45715818.24939446;216845
21.11.2018;1542758400;2789.703;6653303141406;4491.98;136.50;221561.8192;579531;36979108654;0.7540;42714092.64834462;235548
24.11.2018;1543017600;2757.047;6653303141406;4352.98;112.75;216064.3952;497091;32414441192;0.6625;41389434.84916742;205019
27.11.2018;1543276800;2516.274;6653303141406;3793.35;110.19;195098.6206;565825;36450146880;0.7602;40822456.2895898;224852
30.11.2018;1543536000;2425.633;6653303141406;4278.77;112.87;189699.1171;599039;41498304998;0.8583;39499506.31724198;236868
3.12.2018;1543795200;2421.793;6194015746026.25;4140.6;108.23;185698.7963;548100;38468734821;0.7972;37757484.09876072;223148
6.12.2018;1544054400;2443.511;5646403851535;3744.98;90.43;188467.1311;590923;38989485540;0.8051;37191010.29589566;232183
9.12.2018;1544313600;2289.043;5646403851535;3453.66;94.42;174777.9395;507555;36042196703;0.7399;35969936.15414296;229165
12.12.2018;1544572800;2258.098;5646403851535;3407.28;90.52;172754.9686;533920;35633103181;0.7332;35005336.7349416;222636
15.12.2018;1544832000;2222.302;5646403851535;3242.42;84.27;171971.1573;551916;36402769541;0.7444;37010224.2913529;232086
18.12.2018;1545091200;2219.953;5621092245587.73;3556.54;102.44;163361.8500;556320;36527372942;0.7796;38029757.87999838;223395
21.12.2018;1545350400;2263.365;5106422924660;4135.19;109.44;166137.2784;606526;36552504498;0.7836;37486502.685146056;241999
24.12.2018;1545609600;2386.132;5106422924660;3995.17;140.87;177137.1590;615551;36861433769;0.7780;38725392.663230754;252832
27.12.2018;1545868800;2498.949;5106422924660;3848.21;116.72;184499.9643;548411;35126659397;0.7455;41086085.89495204;238363
30.12.2018;1546128000;2493.086;5106422924660;3770.36;141.33;183085.9828;460395;37035235634;0.7864;40723454.95148379;207808
2.1.2019;1546387200;2424.371;5618595848853;3855.88;156.57;180873.7589;589959;35364525440;0.7468;41499587.17874795;240316
5.1.2019;1546646400;2637.334;5618595848853;3856.62;156.23;185468.0980;511189;32335694087;0.7197;42762992.71688324;216107
8.1.2019;1546905600;2668.628;5618595848853;4032.25;151.10;184981.6534;553367;31137208059;0.7011;42653392.38469466;246656
11.1.2019;1547164800;2692.033;5618595848853;3646.25;127.16;186790.9227;541838;33318084869;0.7487;43172095.940355115;235447
14.1.2019;1547424000;2633.341;5862614531725.31;3531.96;129.74;184943.4647;577239;33474170588;0.7437;42592390.902812645;271125
17.1.2019;1547683200;2580.831;5883988430955;3621.43;123.72;177700.9741;517082;30901966019;0.6982;39460857.63369904;216437
20.1.2019;1547942400;2673.566;5883988430955;3703.98;118.41;184550.3414;537705;33077247331;0.7423;40467000.623602085;196352
23.1.2019;1548201600;2752.835;5883988430955;3587.35;117.57;168483.6724;533819;31630703208;0.7960;40991036.14625532;215198
26.1.2019;1548460800;2749.134;5883988430955;3577.79;116.33;170993.5618;464380;33241053039;0.8240;43163853.55665825;196601
29.1.2019;1548720000;2443.768;5814661935892;3448.58;104.75;146880.6219;566026;32867605159;0.8453;42667170.64818568;219778
1.2.2019;1548979200;2408.028;5814661935892;3444.81;107.03;143116.0140;498856;32761450415;0.8464;42571473.898190916;204710
4.2.2019;1549238400;2361.903;5814661935892;3456.02;106.90;141058.0782;416394;28109457360;0.7144;42283653.505950816;166444
7.2.2019;1549497600;2334.071;5814661935892;3405.7;104.30;139449.9210;428676;29441176225;0.7497;44265699.764042266;169031
10.2.2019;1549756800;2799.616;5894008795042.54;3664.38;125.58;145132.8832;381151;26786193364;0.7792;44881391.034194775;157443
13.2.2019;1550016000;2813.683;6061518831027;3632.42;122.31;142540.4061;491354;29584055361;0.8894;44306824.507859826;189676
16.2.2019;1550275200;2791.493;6061518831027;3608.2;123.26;144000.9622;454309;29978364164;0.8894;42190406.28864557;183084
19.2.2019;1550534400;2931.316;6061518831027;3910.8;144.40;154063.7497;533602;31990800940;0.9336;44810549.229871765;221282
22.2.2019;1550793600;2909.985;6061518831027;3944.88;149.04;150079.7621;530839;31958692019;0.9431;44380092.46493542;200174
25.2.2019;1551052800;2966.100;6071846049921;3766.89;139.02;154106.7468;573756;32472793305;0.9579;42628200.62640033;210843
28.2.2019;1551312000;2927.453;6071846049921;3833.23;136.29;157689.3983;541458;33081119561;0.9472;44684496.380709186;222464
3.3.2019;1551571200;1909.053;6071846049921;3831.44;131.21;151531.1136;492382;36141033693;0.7108;44628180.420195125;195215
6.3.2019;1551830400;1911.665;6071846049921;3872.25;138.49;151340.1074;578932;37720064716;0.7397;43291490.9583342;226990
9.3.2019;1552089600;1883.192;6071846049921;3875.96;138.24;148650.1467;555854;38202661271;0.7514;42515348.6901569;225885
12.3.2019;1552348800;1853.561;6068891541677;3881.09;134.37;147963.0717;564306;38972844083;0.7576;42034451.38454939;228995
15.3.2019;1552608000;1859.099;6068891541677;3885.21;137.63;147372.3030;553012;39674989959;0.7752;43189370.051839;215939
18.3.2019;1552867200;1883.180;6068891541677;3994.92;138.50;148627.3403;573940;42577612070;0.8398;45511523.434795454;230509
21.3.2019;1553126400;1861.646;6068891541677;4056.4;135.61;148069.7725;618318;45894918369;0.9042;47450934.94480095;218233
24.3.2019;1553385600;1846.682;6368919654419.87;4011.92;136.21;147221.5813;549073;39231359540;0.7652;47511942.708772235;202948
27.3.2019;1553644800;1761.300;6379265451411;3947.74;140.23;141617.4885;625948;42940357362;0.8335;45660541.98314704;232654
30.3.2019;1553904000;1716.959;6379265451411;4115.55;143.29;136800.3330;667967;43858855701;0.8626;45880050.97829993;232552
2.4.2019;1554163200;1796.568;6379265451411;4152.53;164.93;143434.3513;758900;44877692527;0.8839;45891071.528827704;313817
5.4.2019;1554422400;1821.340;6379265451411;4911.24;166.39;145454.2284;621924;38726714169;0.7562;45800467.24150524;253156
8.4.2019;1554681600;1825.617;6393023717202;5189.39;181.06;146577.5911;668000;42220874038;0.8217;46463226.7833075;264757
11.4.2019;1554940800;1894.482;6393023717202;5310.18;165.24;150418.3563;729032;44470427909;0.8736;46415319.08793086;285567
14.4.2019;1555200000;1929.568;6393023717202;5064.62;168.68;153896.4586;551055;37321591275;0.7298;45082048.60023052;206936
17.4.2019;1555459200;1863.102;6393023717202;5196.65;167.02;148013.0854;681896;42254922636;0.8298;45082048.60023051;255422
20.4.2019;1555718400;1873.586;6393023717202;5277.04;173.96;149431.5319;686824;38722063179;0.7623;44582650.277367905;334013
23.4.2019;1555977600;1895.957;6353030562984;5377.19;170.66;150491.5580;729268;42439955078;0.8440;44471034.3204465;292291
26.4.2019;1556236800;1848.837;6353030562984;5195.61;156.45;148934.0643;661061;40518820309;0.7882;45158438.97473426;250912
29.4.2019;1556496000;1905.690;6353030562984;5301.29;156.69;152499.3160;628989;38573360303;0.7522;46740007.61317945;244532
2.5.2019;1556755200;1908.352;6353030562984;5326.67;161.29;152292.7053;626308;45131761398;0.8788;50033463.74808496;226927
5.5.2019;1557014400;1958.102;6702169884349;5771.08;163.94;156285.5768;637464;39705294286;0.7793;48827339.21153391;224749
8.5.2019;1557273600;1933.129;6702169884349;5755.72;171.42;153710.6000;686996;45504951018;0.8990;47908384.96530413;249532
11.5.2019;1557532800;1949.808;6702169884349;6348.02;192.44;155036.8502;742337;43750021377;0.8562;45881810.26580114;262147
14.5.2019;1557792000;2005.848;6702169884349;7823.11;217.16;160908.9520;830785;47844313875;0.9249;49213476.98634686;320062
17.5.2019;1558051200;2115.801;6702169884349;7885.96;244.84;170929.3098;810320;48547285772;0.9434;50117786.52478069;323447
20.5.2019;1558310400;2094.413;6704632680587;8193.7;252.10;165541.0784;860161;46419904661;0.9149;51172297.31357712;305207
23.5.2019;1558569600;2051.025;6704632680587;7625.93;245.60;162420.2795;846724;46998393744;0.9286;52656109.68334539;309980
26.5.2019;1558828800;2014.949;6704632680587;8071.45;268.26;161032.7064;763094;42512386843;0.8278;52231162.979515456;287280
29.5.2019;1559088000;2118.881;6704632680587;8719.88;269.60;171496.9579;947509;49364278740;0.9449;53373868.45946839;330314
1.6.2019;1559347200;2112.902;7459680720542;8553.81;264.71;169032.1384;956751;47362841756;0.9304;53764035.52740507;453438
4.6.2019;1559606400;2071.997;7459680720542;8134.92;241.10;164488.7217;891955;46829722033;0.9156;51549891.83897489;327772
7.6.2019;1559865600;2119.226;7459680720542;7803.23;249.54;167649.4198;758454;44725474230;0.8821;54563917.45259507;270675
10.6.2019;1560124800;2030.955;7459680720542;7640.61;247.96;163745.7268;963694;46980076087;0.9118;55994233.735333;291296
13.6.2019;1560384000;1999.363;7459680720542;8173.06;255.09;158745.7391;749758;46509414778;0.9079;53557398.58696468;326375
16.6.2019;1560643200;2005.505;7409399249090;8859.47;268.53;160811.7646;888979;44496676798;0.8649;54248595.79111904;418534
19.6.2019;1560902400;2052.795;7409399249090;9076.18;269.01;163011.8685;886054;47122430639;0.9220;56304637.07335661;308763
22.6.2019;1561161600;1995.243;7409399249090;10209.38;309.41;159827.2427;758133;42055164362;0.8151;53722574.62708885;328400
25.6.2019;1561420800;2092.173;7409399249090;11017.5;316.53;167034.8124;932194;46413301200;0.9047;57826747.81113677;323790
28.6.2019;1561680000;2128.016;7934713219631;11132.85;309.37;169995.0119;1004170;47245159451;0.9240;59739282.9536638;299852
1.7.2019;1561939200;2164.524;7934713219631;10737.73;294.17;172460.4335;951985;45307646635;0.8806;59910359.24671196;293928
4.7.2019;1562198400;2117.861;7934713219631;11984.76;283.10;168938.6016;747514;41952762977;0.8190;63617010.316239394;318175
7.7.2019;1562457600;2150.254;7934713219631;11232.04;306.43;171995.4145;582067;38243194614;0.7386;65363801.56495811;245114
10.7.2019;1562716800;2197.977;9064159826491;12586.78;288.64;175227.6061;736096;41370585703;0.8090;66436142.991435766;303260
13.7.2019;1562976000;2237.792;9064159826491;11803.97;268.94;178738.4731;587283;35740368392;0.6954;64282328.423973426;241032
16.7.2019;1563235200;2199.583;9064159826491;10873.5;198.71;174846.4557;1003278;46872912292;0.9284;65398734.02913995;241843
19.7.2019;1563494400;2200.521;9064159826491;10638.56;221.28;173673.0553;815548;42503784373;0.8366;62180292.393847644;270643
22.7.2019;1563753600;2163.176;9064159826491;10587.41;217.22;172778.6891;640666;37882509038;0.7331;65527471.69455163;278790
25.7.2019;1564012800;2208.939;9013786945892;9772.17;219.41;175360.1291;949864;46406253490;0.9133;66422512.0674627;233019
28.7.2019;1564272000;2227.385;9013786945892;9473.99;211.15;176411.9848;572697;41079658842;0.7959;69400228.24262597;241052
31.7.2019;1564531200;2214.318;9013786945892;9589.13;218.70;174941.3510;684284;44134304019;0.8632;71948489.15970056;261034
3.8.2019;1564790400;2231.041;9013786945892;10529.55;217.73;178405.7882;783492;42613281734;0.8240;72972666.94133331;226728
6.8.2019;1565049600;2300.602;9985348008060;11787.99;228.70;182823.2826;732052;46802710127;0.9083;74077368.96597405;314606
9.8.2019;1565308800;2289.775;9985348008060;11996.41;210.47;181114.8757;721762;43062666206;0.8392;74566507.44960836;290546
12.8.2019;1565568000;2309.763;9985348008060;11566.84;211.28;184513.6914;712949;42552930746;0.8205;73747045.07134312;300812
15.8.2019;1565827200;2316.621;9985348008060;10016.96;188.24;182862.8915;689076;45183685444;0.8804;74456151.2739522;263277
18.8.2019;1566086400;2267.751;10016798869144.1;10214.52;194.77;179556.5396;627260;39565500580;0.7681;70938762.01502922;243308
21.8.2019;1566345600;2228.614;10183488432890;10760.56;187.32;177566.9045;731500;47078815215;0.9131;72283871.8608038;293226
24.8.2019;1566604800;2229.803;10183488432890;10405.81;191.08;173067.8396;684235;43261048592;0.8563;74482723.32512149;268405
27.8.2019;1566864000;2154.570;10183488432890;10360.28;187.17;170420.4691;748158;46838805967;0.9132;73547109.00246467;290429
30.8.2019;1567123200;2265.128;10183488432890;9484.55;168.52;180476.1969;713194;46849622757;0.9131;76873723.56894779;272237
2.9.2019;1567382400;2243.349;10771996663680;9769.79;178.76;178611.1120;757539;47995961497;0.9328;78440212.48352496;294276
5.9.2019;1567641600;2237.012;10771996663680;10584.16;174.38;178184.2536;769872;48615446885;0.9427;81396021.79746328;308599
8.9.2019;1567900800;2283.717;10771996663680;10487.21;181.67;180477.0910;675137;48132098440;0.9407;84070180.80035755;264839
11.9.2019;1568160000;2262.207;10771996663680;10101.03;178.48;179039.0460;705292;48191144192;0.9364;88889490.52776657;284770
14.9.2019;1568419200;2319.335;11890594958796;10363.9;188.90;184795.1620;628467;48627971672;0.9418;89554384.74609981;254716
17.9.2019;1568678400;2422.786;11890594958796;10265.63;207.90;192000.1552;681814;51367339795;0.9504;89597236.24816692;280974
20.9.2019;1568937600;2425.024;11890594958796;10275.88;218.26;193637.0258;717128;60925909462;0.9492;91702566.29484172;289748
23.9.2019;1569196800;2492.390;11890594958796;10033.05;200.97;199333.5360;639394;61284564720;0.9549;90098193.58802588;232918
26.9.2019;1569456000;2503.888;12017674556107.8;8432.23;166.06;197297.1021;657676;58227975045;0.9131;91434682.17080025;246414
29.9.2019;1569715200;2451.547;12759819404409;8225;169.68;194449.6847;591986;61234809975;0.9567;89341776.99429794;210003
2.10.2019;1569974400;2412.068;12759819404409;8322.92;181.06;188135.7534;627137;48841413822;0.7773;91433868.6440188;250918
5.10.2019;1570233600;2387.834;12759819404409;8155.48;176.90;188788.1289;595118;38457122322;0.6438;91428958.51224542;227957
8.10.2019;1570492800;2388.888;12759819404409;8212.02;181.09;186244.7815;710373;43680971034;0.7020;96593924.45396785;252556
11.10.2019;1570752000;2473.559;13008091666972;8586.9;180.94;193819.3686;702673;43243119549;0.6911;98269788.05675264;265384
14.10.2019;1571011200;2411.799;13008091666972;8283.76;186.96;188728.8483;650601;42039570554;0.6860;94280759.19669506;240329
17.10.2019;1571270400;2486.530;13008091666972;8002.51;177.50;193195.3343;703704;42752796011;0.6961;93485053.29452874;242413
20.10.2019;1571529600;2480.646;13008091666972;7960.04;175.84;193542.0555;612341;36828448156;0.5902;95055454.38742112;220164
23.10.2019;1571788800;2482.166;13069108485875.8;8026.76;162.72;194378.8577;736388;49243736342;0.7759;101132725.05483378;244335
26.10.2019;1572048000;2436.074;13691480038694;8666.79;180.16;187611.5163;716822;43261777576;0.6975;99339894.79783738;251539
29.10.2019;1572307200;2426.721;13691480038694;9218.76;191.11;185683.4638;707622;46594160648;0.7540;92695122.52125238;252475
1.11.2019;1572566400;2464.977;13691480038694;9147.98;183.40;190522.2155;705019;43231578835;0.6968;89256768.1250417;248286
4.11.2019;1572825600;2404.265;13691480038694;9206.16;186.49;183158.2215;670783;47374699243;0.7707;90715212.04865348;238737
7.11.2019;1573084800;2468.419;13669891710442.8;9343.34;186.54;187902.6798;857371;46497162160;0.7621;91861270.49919157;320428
10.11.2019;1573344000;2523.534;12720005267391;8809.41;189.29;185993.7726;609364;44262798431;0.7451;92339819.41656034;234323
13.11.2019;1573603200;2565.169;12720005267391;8801.52;188.10;189834.3566;713551;46816524271;0.7835;90699368.88504884;258872
16.11.2019;1573862400;2454.342;12720005267391;8457.69;182.61;180723.6621;596661;46901679980;0.7842;95931202.11533114;214086
19.11.2019;1574121600;2410.311;12720005267391;8175.99;175.96;175333.3710;735532;47501722479;0.8108;94937564.42863753;249615
22.11.2019;1574380800;2434.560;12973235968800;7617.07;150.22;178083.5605;794748;52569747211;0.8849;90641806.33248484;280676
25.11.2019;1574640000;2531.851;12973235968800;6907.4;146.22;183588.5360;762888;52913145098;0.8991;90238982.02037299;250899
28.11.2019;1574899200;2538.431;12973235968800;7523.83;151.31;174311.4474;623080;49302947740;0.8792;90747073.1583127;218051
1.12.2019;1575158400;2530.006;12973235968800;7557.72;151.36;172298.0926;615069;44980697562;0.8064;87522557.86842345;213993
4.12.2019;1575417600;2559.110;12973235968800;7296.77;145.73;175050.2398;661004;46297458570;0.8339;95261394.56415763;229449
7.12.2019;1575676800;2556.643;12876842089682;7547.19;147.79;176272.2813;488124;33571132947;0.7288;96880815.35477403;182857
10.12.2019;1575936000;2569.205;12876842089682;7337.42;145.92;179249.6091;631603;46880081787;0.8261;96761138.51699759;226996
13.12.2019;1576195200;2621.770;12876842089682;7189.16;144.97;174481.2401;621511;45742352253;0.8396;92907581.8474793;220835
16.12.2019;1576454400;2799.702;12876842089682;7111.14;132.68;172713.1110;634682;43582425983;0.8591;91170136.91135517;228429
19.12.2019;1576713600;2594.207;12892837609390.5;7284.29;128.31;157333.8268;620140;43975524104;0.8795;92925415.7375964;221187
22.12.2019;1576972800;2554.315;12948593420946;7143.2;132.56;153702.3630;529935;39908140268;0.8026;99947585.9399815;186103
25.12.2019;1577232000;2506.453;12948593420946;7250.69;125.10;150677.2825;565093;40297166654;0.8130;96857362.7365599;194669
28.12.2019;1577491200;2529.313;12948593420946;7243.93;128.21;154481.3106;516438;36369155681;0.7259;94344814.30099222;187220
31.12.2019;1577750400;2525.715;12948593420946;7219.6;128.91;152624.5334;554215;38627032555;0.7794;97011480.59215085;193210
3.1.2020;1578009600;1983.100;13798783827516;6944.33;134.25;157936.4610;581641;41968777422;0.6546;103031751.9698384;210313
6.1.2020;1578268800;2031.846;13798783827516;7351.57;144.28;163488.3609;626525;43408214358;0.6684;105477457.15335813;221194
9.1.2020;1578528000;2015.077;13798783827516;8042.65;137.90;159783.4716;621399;41652370700;0.6453;108770686.24796285;231043
12.1.2020;1578787200;2074.522;13798783827516;8021.49;146.55;165169.4178;523951;38189009502;0.6192;105144996.70636413;180291
15.1.2020;1579046400;2119.493;14776367535689;8842.42;166.22;167670.5050;698399;50763451974;0.7875;104842225.07092443;252357
18.1.2020;1579305600;2074.516;14776367535689;8900.34;174.00;164400.5557;628211;43857518730;0.6815;106104409.8345753;225981
21.1.2020;1579564800;2096.824;14776367535689;8626.47;169.36;167454.6893;558962;40873614497;0.6816;110810185.47842275;213559
24.1.2020;1579824000;2127.292;14776367535689;8388.11;162.45;168238.2329;497135;46759863029;0.7249;110600317.70289545;176400
27.1.2020;1580083200;2076.663;14776367535689;8588.42;169.95;165508.1396;476541;41521814952;0.6508;110810185.47842276;184994
30.1.2020;1580342400;2057.671;15466098935555;9279.81;184.47;162017.7441;566052;47878408557;0.7494;111739680.95495507;197856
2.2.2020;1580601600;2092.379;15466098935555;9378.09;188.39;166373.2284;530094;40745352169;0.6339;111681439.23054679;189157
5.2.2020;1580860800;2100.043;15466098935555;9162.14;203.85;166350.6544;610780;53320740943;0.8310;113456448.3565329;233597
8.2.2020;1581120000;2142.113;15466098935555;9807.54;223.20;169782.3201;661649;50638732372;0.7884;109282832.6377059;255952
11.2.2020;1581379200;2144.844;15521134947902.1;9854.79;237.80;171016.5903;709280;48724997018;0.7520;109340676.42941175;269185
14.2.2020;1581638400;2201.248;15546745765529;10242.43;285.79;176201.7851;771827;53460912407;0.8273;107932589.65855002;273148
17.2.2020;1581897600;2233.264;15546745765529;9937.67;268.07;177058.5556;695366;51027894563;0.7949;111150618.92552446;260991
20.2.2020;1582156800;2269.276;15546745765529;9604.72;257.70;179729.8399;689600;51218580995;0.7938;109631870.48581052;252827
23.2.2020;1582416000;2265.292;15546745765529;9669.63;275.64;180174.6165;606290;41634826292;0.6440;112391988.07105252;263919
26.2.2020;1582675200;2253.688;15486913440293;9309.15;223.73;179982.0467;704929;53781520866;0.8270;109315034.29177237;254217
29.2.2020;1582934400;2296.407;15486913440293;8712.35;217.68;182091.2526;620465;44847191440;0.6941;110892855.15019846;230535
3.3.2020;1583193600;2260.148;15486913440293;8912.82;223.77;180471.7872;661419;48760549857;0.7554;116468614.68224476;233347
6.3.2020;1583452800;2224.909;15486913440293;9067.39;245.76;178353.2062;676799;49795124430;0.7630;121307726.15157305;248086
9.3.2020;1583712000;2303.810;16076772598590.7;8039.38;203.08;181825.0150;784085;56907992573;0.8880;121936055.96162646;264282
12.3.2020;1583971200;2284.571;16552923967337;7936.65;109.78;181893.0697;760781;60270155489;0.9373;116070927.61330411;250268
15.3.2020;1584230400;2182.442;16552923967337;5166.26;123.53;173963.8993;657653;54232784814;0.8364;108109035.40066276;231787
18.3.2020;1584489600;2180.507;16552923967337;5357.61;118.62;174364.8188;768437;54400650335;0.8366;101680788.74892049;302391
21.3.2020;1584748800;2227.486;16552923967337;6226.44;132.72;180106.6438;857503;54089637190;0.8443;94157585.88194844;390368
24.3.2020;1585008000;2232.215;16552923967337;6502.16;139.07;177982.9948;791900;51697161721;0.8250;95333086.32991287;309222
27.3.2020;1585267200;2201.868;13912524048946;6763.75;131.51;176455.2315;748776;50465639748;0.7747;100386175.7558384;296964
30.3.2020;1585526400;2256.530;13912524048946;5885.41;132.31;178537.4684;724004;51787919806;0.8047;100495620.10857132;269242
2.4.2020;1585785600;2261.717;13912524048946;6652.87;141.59;179392.9219;720554;54369995334;0.8412;104035696.2502867;264406
5.4.2020;1586044800;2214.275;13912524048946;6871.69;142.88;175373.6226;614001;51475533126;0.7940;106308080.8787355;224338
8.4.2020;1586304000;2205.702;14397482597688.1;7205.55;173.41;175128.6673;830223;56569534356;0.8725;104926817.65001218;342424
11.4.2020;1586563200;2197.970;14715214060657;6873.24;158.67;172886.6181;680523;52654735722;0.8244;110999326.6368086;249382
14.4.2020;1586822400;2271.633;14715214060657;6857.66;158.60;180310.8990;813972;55753722827;0.8637;115878648.73909876;327012
17.4.2020;1587081600;2242.993;14715214060657;7112.27;170.98;177414.4765;785639;55792894380;0.8681;115054068.8189836;304620
20.4.2020;1587340800;2184.859;14715214060657;7130.04;170.60;174358.8137;828885;57935356671;0.8945;113800073.51850417;318477
23.4.2020;1587600000;2262.509;15958652328578;7130.99;185.68;180267.5215;826397;57733723479;0.8965;109962750.66907203;325328
26.4.2020;1587859200;2226.632;15958652328578;7549.52;197.78;176996.6145;801949;56801948197;0.8817;111554966.88776174;299059
29.4.2020;1588118400;2237.997;15958652328578;7765.33;215.55;179635.5417;897881;59307361589;0.9107;113216514.46699287;345258
2.5.2020;1588377600;2330.873;15958652328578;8824.66;214.15;185525.6094;765990;56109407200;0.8691;113443174.15561531;313649
5.5.2020;1588636800;2353.754;16079831604277.9;8885.93;205.48;186883.6871;785518;58634760812;0.9035;119472293.06066506;296348
8.5.2020;1588896000;2274.345;16104807485529;10002.48;211.54;182842.5816;887756;60665060914;0.9373;121853507.63821308;333175
11.5.2020;1589155200;2266.229;16104807485529;8754.46;185.88;180380.3095;887554;60136105570;0.9377;121087434.47597237;332262
14.5.2020;1589414400;2283.144;16104807485529;9305.93;203.32;182810.0862;820300;59010054536;0.9160;111966037.38110098;297910
17.5.2020;1589673600;2326.028;16104807485529;9385.7;206.98;186270.6822;808464;60639672800;0.9390;101672938.9497433;297580
20.5.2020;1589932800;2298.306;15213703057048.3;9785.74;209.85;183119.6911;855377;60747209011;0.9433;93625665.17859997;321358
23.5.2020;1590192000;2273.519;15138043247083;9167.26;206.70;183802.3927;868425;61673448559;0.9489;90689768.70048092;333005
26.5.2020;1590451200;2240.724;15138043247083;8899.66;201.03;179206.0128;916975;61165579540;0.9465;90471236.69303167;335851
29.5.2020;1590710400;2275.065;15138043247083;9569.21;220.56;181030.9257;949269;60619345455;0.9440;94602038.01431303;374674
1.6.2020;1590969600;2299.270;15138043247083;9450.84;248.21;182664.2025;929874;59422202661;0.9309;103202223.28834139;355227
4.6.2020;1591228800;2367.810;14477089134396.8;9658.04;243.35;187369.4002;930407;60867856811;0.9497;105288528.1766404;366835
7.6.2020;1591488000;2366.153;13732352106018;9670.43;244.75;188580.2037;943786;60748748486;0.9420;110815623.43783526;317232
10.6.2020;1591747200;2277.162;13732352106018;9775.15;248.01;179062.9459;939890;60311175849;0.9489;114994337.8583901;348050
13.6.2020;1592006400;2291.641;13732352106018;9459.97;238.21;182747.7365;833267;61047248653;0.9427;112245343.37726866;343521
16.6.2020;1592265600;2353.433;14265974077877.3;9426.7;235.35;186231.7117;904928;60941058656;0.9507;110570811.73739882;352652
19.6.2020;1592524800;2330.632;15784744305477;9380.03;228.71;187071.0167;945942;66910453808;0.9545;105926966.55685537;363156
22.6.2020;1592784000;2319.236;15784744305477;9284.78;243.30;184143.0795;1092083;72492819746;0.9460;108235120.84612934;385734
25.6.2020;1593043200;2405.277;15784744305477;9276.58;232.35;191614.8727;1041742;72163570447;0.9478;112767411.26182595;377998
28.6.2020;1593302400;2341.417;15784744305477;9004.23;224.99;188072.1358;997731;73730203640;0.9500;115793972.0014575;384846
1.7.2020;1593561600;2337.925;15784217546288;9133.97;231.05;185545.7100;1044438;71176581831;0.9540;117362562.86205761;411699
4.7.2020;1593820800;2408.139;15784217546288;9072.42;229.34;190449.2609;946287;72784835528;0.9536;121956640.86329533;384319
7.7.2020;1594080000;2349.911;15784217546288;9348.91;239.35;188128.8811;1064506;73031480121;0.9505;125990398.02477519;406188
10.7.2020;1594339200;2391.924;15784217546288;9238.04;241.21;188557.7734;1034806;72210167258;0.9537;124533213.70598333;385148
13.7.2020;1594598400;2444.765;16570395220715.7;9295.9;239.53;195185.0935;1151834;73850785774;0.9517;123224185.9661429;422083
16.7.2020;1594857600;2416.896;17345948872516;9193.51;233.61;190666.2482;1068620;72500484619;0.9477;121358766.03401919;394000
19.7.2020;1595116800;2424.578;17345948872516;9174.71;239.22;191833.4859;1082448;73510728068;0.9580;115473898.09459306;375637
22.7.2020;1595376000;2277.415;17345948872516;9392.66;264.32;180690.7122;1138040;74015587006;0.9596;113943058.68242149;397424
25.7.2020;1595635200;2383.629;17345948872516;9551.28;305.67;186965.8875;1175506;76179056080;0.9647;120718051.36083578;414293
28.7.2020;1595894400;2511.147;16847561611550;11042.4;317.47;200572.0905;1222353;78112767375;0.9668;126940916.24508919;484572
31.7.2020;1596153600;2394.726;16847561611550;11114.93;346.81;191051.4298;1218838;77859908512;0.9630;124781881.42071433;424884
3.8.2020;1596412800;2428.338;16847561611550;11077.77;386.10;193873.5688;1176793;77368571564;0.9586;122154894.82121405;447624
6.8.2020;1596672000;2452.908;16847561611550;11750.28;395.07;197226.2640;1215885;77511522141;0.9538;122394179.62987462;465284
9.8.2020;1596931200;2592.107;16847561611550;11767.6;390.28;206618.5654;1229151;78460962723;0.9636;124667385.31214991;391435
12.8.2020;1597190400;2562.046;16947802333947;11392.43;387.19;204993.2998;1229214;78108663311;0.9635;126347972.69387735;351422
15.8.2020;1597449600;2729.267;16947802333947;11774.38;432.63;216288.0682;1107833;77865065737;0.9639;129075393.19033508;402008
18.8.2020;1597708800;2477.495;16947802333947;12293.72;422.38;198715.7410;1229256;78965311743;0.9650;125649847.98439695;388973
21.8.2020;1597968000;2728.688;16947802333947;11865.82;387.98;216400.1501;1256752;78579746074;0.9712;121798511.64771043;418943
24.8.2020;1598227200;2726.634;17340945336075.322;11653.02;408.03;215700.7195;1162182;78840099923;0.9709;123297691.91400088;397914
27.8.2020;1598486400;2725.937;17557993035167;11467.37;383.18;215614.0542;1136576;78273347480;0.9675;122017801.8251035;391712
30.8.2020;1598745600;2744.793;17557993035167;11481.64;429.04;218630.3631;1142415;78784401243;0.9677;122462847.34276728;316417
2.9.2020;1599004800;2875.642;17557993035167;11923.25;439.83;227655.0292;1181212;78426177487;0.9689;126308447.33092049;349031
5.9.2020;1599264000;2948.503;17557993035167;10467.89;335.24;233423.1502;1040906;77953696178;0.9566;122193759.51066346;315690
8.9.2020;1599523200;3017.172;17345997805929;10367.74;337.45;239313.3931;1026700;78767421313;0.9690;127930089.15456907;343663
11.9.2020;1599782400;3036.542;17345997805929;10352.66;373.99;241833.8269;1074413;79743009950;0.9739;131873589.68471669;311490
14.9.2020;1600041600;3086.726;17345997805929;10330.77;377.24;243008.2427;1079688;78372157982;0.9741;136485692.07769784;313934
17.9.2020;1600300800;3161.325;17345997805929;10948.43;389.49;254113.4795;1406016;79872680412;0.9718;139811606.95684758;445217
20.9.2020;1600560000;3154.589;19148290888758.86;11081.43;371.06;252148.0498;1095309;79769667516;0.9716;139904505.85300225;402408
23.9.2020;1600819200;3217.665;19314656404097;10532.22;320.19;256221.4679;1084100;78907480390;0.9703;136974413.0675965;377128
26.9.2020;1601078400;3250.861;19314656404097;10692.84;354.21;254199.3072;984559;78219863288;0.9762;138914905.99167845;357624
29.9.2020;1601337600;3248.429;19314656404097;10692.33;359.92;250888.4762;1088234;77337826258;0.9744;139905644.7434772;370761
2.10.2020;1601596800;3285.465;19314656404097;10619.24;345.83;254357.3820;1002138;77516194687;0.9776;135516448.04564264;352205
5.10.2020;1601856000;3260.945;19298087186263;10673.46;353.84;254987.7643;1027690;78307833105;0.9745;137953248.43701744;328559
8.10.2020;1602115200;3298.386;19298087186263;10670.8;351.20;254594.1659;1019446;75375596104;0.9757;140918695.23724535;349359
11.10.2020;1602374400;3273.614;19298087186263;11302.67;374.40;260752.4476;1004701;79786775919;0.9743;138141088.9005937;356874
14.10.2020;1602633600;3280.415;19298087186263;11428.24;379.04;260079.1790;1093927;79547880329;0.9755;144034012.33583727;393764
17.10.2020;1602892800;3336.069;19529685517635.715;11327.57;368.53;264144.0378;1051772;79293510847;0.9738;146484944.0374199;431067
20.10.2020;1603152000;3347.672;19997335994446;11758.16;368.83;264326.5699;1105678;79106046104;0.9749;139371646.13118583;389225
23.10.2020;1603411200;3384.219;19997335994446;12990.25;409.57;265293.0131;1132837;78856378259;0.9760;133536442.03601234;430670
26.10.2020;1603670400;3248.184;19997335994446;13036.77;393.11;255042.5903;1086139;79016361979;0.9794;130791599.99852994;382457
29.10.2020;1603929600;3402.791;19997335994446;13289;387.54;269899.6122;1107849;79579101714;0.9776;116022515.95960797;377289
1.11.2020;1604188800;3396.058;19997335994446;13810.32;396.49;268618.7783;1050753;79282977653;0.9759;108779984.36359818;383398
4.11.2020;1604448000;3340.653;16787779609933;14023.31;402.66;262921.7818;1137324;79492127790;0.9761;115107145.47938481;465901
7.11.2020;1604707200;3438.419;16787779609933;15595.77;435.82;270855.0568;1131722;79093696984;0.9758;121130852.4218934;433313
10.11.2020;1604966400;3383.060;16787779609933;15328.53;450.86;265163.0229;1157455;78793907472;0.9788;128159204.24421576;417243
13.11.2020;1605225600;3424.202;16787779609933;16295.57;476.87;270725.9898;1156377;79735847173;0.9781;126609372.00684384;426682
16.11.2020;1605484800;3364.916;17040598812944.875;15968.16;461.01;264013.4807;1105512;79057383494;0.9790;124869930.27180229;417196
19.11.2020;1605744000;3437.562;17596801059571;17798.45;471.82;275283.4507;1122748;80648971146;0.9784;128602936.80096643;436937
22.11.2020;1606003200;3555.934;17596801059571;18699.75;560.01;280235.5571;1148006;79155483331;0.9747;141076183.18505344;451267
25.11.2020;1606262400;3557.962;17596801059571;19172.52;569.40;280107.1251;1205924;78851915577;0.9766;135709930.523598;477885
28.11.2020;1606521600;3465.399;17596801059571;17138.87;537.99;276630.2627;992335;80422510325;0.9771;133710520.86579177;408303
1.12.2020;1606780800;3692.342;19157154724710;19709.73;586.23;291797.5556;1172361;79417362821;0.9763;131996845.77838087;438073
4.12.2020;1607040000;3634.625;19157154724710;19454.54;567.67;284417.8054;1134337;78593382248;0.9772;133409747.66795123;410141
7.12.2020;1607299200;3625.010;19157154724710;19377.66;591.36;283120.0076;1102501;78739456406;0.9769;137948518.46795613;395197
10.12.2020;1607558400;3692.368;19157154724710;18554.15;558.36;286073.0634;1092429;78459732756;0.9785;134275333.06496322;381124
13.12.2020;1607817600;3661.126;19144667899932.82;18803.44;590.72;285898.3644;1142703;79221016663;0.9786;134533587.6076591;453642
16.12.2020;1608076800;3559.678;18670168558400;19439.75;637.74;281807.8559;1261767;79951277395;0.9803;132373208.74072967;488008
19.12.2020;1608336000;3573.612;18670168558400;23150.79;658.70;280966.9359;1162872;79608772275;0.9790;136823648.10098034;477560
22.12.2020;1608595200;3668.281;18670168558400;22745.48;637.23;287688.3518;1147101;79413268364;0.9786;134839542.57012355;407729
25.12.2020;1608854400;3609.208;18670168558400;23715.53;626.83;281844.0350;1140417;78458935977;0.9770;134176614.63221736;401214
28.12.2020;1609113600;3784.431;18600034145237.133;26246.58;729.59;300739.6361;1256783;80353454827;0.9761;134096925.47590554;465651
31.12.2020;1609372800;3738.496;18599593048299;28856.59;737.15;293670.9535;1163876;79183032550;0.9762;142734576.90930292;426829
3.1.2021;1609632000;3872.312;18599593048299;32195.46;978.69;303868.9075;1234419;78950689587;0.9777;146350014.08380795;494406
6.1.2021;1609891200;3914.136;18599593048299;34046.67;1210.59;308011.7001;1280434;79404156622;0.9801;149387454.0462804;535915
9.1.2021;1610150400;3986.182;19365166707094.76;40670.25;1279.96;311835.6593;1231759;79093105359;0.9776;148690226.43303117;540285
12.1.2021;1610409600;4097.645;20607418304386;35544.94;1050.04;324396.8739;1165508;80324648072;0.9808;151697118.4842938;470632
15.1.2021;1610668800;4109.040;20607418304386;39158.47;1169.06;326202.6343;1227187;80306580523;0.9767;153019188.22568032;508947
18.1.2021;1610928000;4163.782;20607418304386;35793.01;1258.31;328427.9815;1217953;78877776240;0.9721;150294161.27559942;485360
21.1.2021;1611187200;4256.981;20607418304386;35538.98;1111.49;333611.3356;1178190;79404809729;0.9815;146196559.994473;454587
24.1.2021;1611446400;4378.306;20823531150112;32099.74;1392.45;344284.8207;1117744;79272400668;0.9794;146698957.5340704;447566
27.1.2021;1611705600;4571.347;20823531150112;32541.8;1241.51;356131.1840;1140980;78826557381;0.9759;148549580.94715503;430742
30.1.2021;1611964800;4449.472;20823531150112;34314.26;1379.35;344782.5762;1218241;78000929398;0.9773;150095785.47639352;504767
2.2.2021;1612224000;4608.801;20823531150112;33522.9;1513.90;363476.4797;1302891;79383052926;0.9786;146546722.56857732;523487
5.2.2021;1612483200;4703.172;20823531150112;37002.09;1721.48;367925.2545;1316904;78945097196;0.9805;152461827.41493767;527200
8.2.2021;1612742400;4855.306;21434395961349;38928.1;1752.87;380557.1218;1275739;78973896198;0.9780;165861253.11216184;528317
11.2.2021;1613001600;4893.209;21434395961349;44878.17;1787.69;385283.5901;1270521;79245756715;0.9739;160711290.00435206;535331
14.2.2021;1613260800;5020.239;21434395961349;47185.19;1802.96;397958.5405;1206665;79934298329;0.9757;156021048.95022506;475906
17.2.2021;1613520000;5095.313;21434395961349;49160.1;1851.14;403378.9310;1258503;79955215518;0.9777;150236853.96475333;514955
20.2.2021;1613779200;5129.310;21724134900047;55916.5;1915.12;402686.4210;1337507;79253329738;0.9774;151777617.95629352;563400
23.2.2021;1614038400;5174.241;21724134900047;54123.4;1578.19;408130.2134;1302882;79485929271;0.9788;149558390.99271905;505458
26.2.2021;1614297600;5258.617;21724134900047;46800.42;1446.10;415820.2382;1236241;80020278811;0.9795;154427502.27930498;507300
1.3.2021;1614556800;5362.933;21724134900047;45113.92;1571.49;419972.2420;1185925;79006491494;0.9773;154118955.82120448;493028
4.3.2021;1614816000;5214.412;21724134900047;50477.7;1538.37;413048.9933;1234903;79305219314;0.9750;151187764.46924964;510197
7.3.2021;1615075200;5517.678;21448277761060;48881.59;1726.33;432345.8003;1180104;79493606924;0.9830;153716875.77834648;445634
10.3.2021;1615334400;5465.562;21448277761060;54881.52;1795.63;432057.6987;1256065;79578457910;0.9764;155778275.39534613;526230
13.3.2021;1615593600;5525.856;21448277761060;57253.28;1921.18;436440.2978;1293352;80020449998;0.9864;154598952.23605472;524815
16.3.2021;1615852800;5670.987;21448277761060;55754.72;1805.64;447640.4158;1308992;79837150538;0.9828;156579037.33858544;524909
19.3.2021;1616112000;5751.326;21524403218194.305;57665.9;1809.76;452384.3821;1291231;79775838240;0.9840;157420617.6912914;528266
22.3.2021;1616371200;5775.729;21865558044611;57411.17;1682.05;453702.2598;1307460;79583607881;0.9844;160766785.10844684;512937
25.3.2021;1616630400;5928.278;21865558044611;52508.23;1588.34;466920.5202;1349663;80036668207;0.9861;166720074.39596337;565629
28.3.2021;1616889600;6077.682;21865558044611;55863.93;1686.74;477351.3128;1211918;79579152301;0.9835;166457523.79884627;496774
31.3.2021;1617148800;6173.047;21865558044611;58730.13;1919.08;482269.2595;1354603;79072966214;0.9850;164904748.39027494;544400
3.4.2021;1617408000;6254.701;23137439666472;59031.32;2009.19;493933.1209;1293333;79806573012;0.9828;162156064.84321755;551394
6.4.2021;1617667200;6467.737;23137439666472;59054.1;2112.29;507911.9863;1335799;79108256288;0.9846;164631661.9987059;559697
9.4.2021;1617926400;6580.641;23137439666472;58048.59;2066.55;512284.6100;1300882;78756692481;0.9875;167595961.66382885;532431
12.4.2021;1618185600;6846.625;23137439666472;59964.87;2137.79;539964.1183;1347983;79417012394;0.9880;169731988.62621096;571988
15.4.2021;1618444800;6826.079;23217560568175.21;62969.12;2517.08;534788.5007;1197340;79483036935;0.9890;172130189.21775606;521190
18.4.2021;1618704000;6745.430;23581981443664;60087.09;2240.96;531046.4509;1396766;79765360505;0.9915;150787954.8145779;603119
21.4.2021;1618963200;6857.229;23581981443664;56507.91;2357.59;541356.0007;1565355;88971935429;0.9882;136207676.021627;705175
24.4.2021;1619222400;6872.911;23581981443664;51153.13;2216.56;541480.4112;1389103;94843856318;0.9872;146198398.6654064;673025
27.4.2021;1619481600;7106.296;23581981443664;54056.64;2667.93;557235.5988;1448293;93916000005;0.9873;154236798.5920267;645368
30.4.2021;1619740800;7265.125;23581981443664;53584.15;2775.96;566158.3993;1441230;93996018113;0.9876;159260798.54616436;625741
3.5.2021;1620000000;7273.492;20608845737768;56610.46;3432.21;573040.0690;1488804;94869902840;0.9863;167961731.4564108;675494
6.5.2021;1620259200;7615.430;20608845737768;57473.23;3491.74;596101.3131;1532197;94807627589;0.9873;174317609.61284044;692677
9.5.2021;1620518400;7685.927;20608845737768;58928.81;3927.06;601085.7840;1716600;94499810450;0.9838;177672590.27902648;799580
12.5.2021;1620777600;7735.683;20608845737768;56750;3811.29;604529.3351;1624077;93951973334;0.9856;178989767.63694343;732839
15.5.2021;1621036800;7780.140;25046487590083;49922.52;3644.04;612776.0556;1472680;94572879603;0.9868;176179075.04398838;700090
18.5.2021;1621296000;8002.441;25046487590083;43596.24;3377.65;628525.0569;1425053;94510512266;0.9883;160228122.6394345;620059
21.5.2021;1621555200;7983.588;25046487590083;40784.32;2435.86;621500.1284;1367394;93556225767;0.9881;146384382.44060782;595064
24.5.2021;1621814400;7748.399;25046487590083;34754.54;2648.77;608751.5610;1312739;94345846823;0.9862;143716380.33051172;553355
27.5.2021;1622073600;7711.744;25046487590083;39266.04;2742.48;600159.3541;1291385;93048078722;0.9828;148163050.51400527;576930
30.5.2021;1622332800;7729.290;21214345448186.625;34647.67;2386.91;604655.8902;1280282;92929644248;0.9858;150291730.25568312;594542
2.6.2021;1622592000;7576.282;21047730572452;36662.64;2706.52;598298.2993;1314178;93998046814;0.9851;151415069.6569138;555139
5.6.2021;1622851200;7858.780;21047730572452;36885.51;2629.76;610328.8732;1176676;92384666019;0.9834;149939087.7584659;547456
8.6.2021;1623110400;7895.644;21047730572452;33514.87;2509.23;618766.2420;1221063;93295478627;0.9863;150516054.3401892;493380
11.6.2021;1623369600;7616.769;21047730572452;36704.57;2355.09;595853.4882;1183286;93004720299;0.9872;136316426.57224676;479233
14.6.2021;1623628800;7334.706;19932791027263;39066.82;2582.12;576504.4610;1188556;91955484313;0.9763;132807547.04458119;497934
17.6.2021;1623888000;7318.159;19932791027263;38324.87;2372.31;575288.5991;1218956;93210066898;0.9821;128421919.85959908;487365
20.6.2021;1624147200;7013.031;19932791027263;35524.17;2243.60;548704.7631;1057288;90622719992;0.9572;120460802.62675631;439912
23.6.2021;1624406400;6369.678;19932791027263;32447.59;1967.95;496967.5813;1201974;92247864090;0.9814;107438013.15359342;514354
26.6.2021;1624665600;6121.523;19932791027263;31640.58;1830.94;477535.4945;1150460;91346965332;0.9733;99935754.00057565;489555
29.6.2021;1624924800;6336.145;19932791027263;34456.67;2165.61;492151.2463;1264320;92485182076;0.9830;90734870.13366713;556971
2.7.2021;1625184000;6350.688;19932791027263;33536.88;2155.65;495779.9851;1181574;92219795942;0.9769;84789683.63504931;504628
5.7.2021;1625443200;6478.657;14363025673660;35309.3;2196.71;505770.1308;1147895;91016592124;0.9688;90819460.5560025;489238
8.7.2021;1625702400;6528.230;14363025673660;33839.04;2114.51;511075.8048;1262627;93522449750;0.9835;93241612.12545457;494936
11.7.2021;1625961600;6717.727;14363025673660;33515.57;2140.45;521012.5675;1101766;91699384598;0.9690;97204622.08928394;448806
14.7.2021;1626220800;6524.997;14363025673660;32686.56;1994.22;507499.7781;1223130;92525525717;0.9829;100774571.48395857;478262
17.7.2021;1626480000;6763.845;14348541098817.076;31421.25;1899.96;519579.1713;1164624;92298051379;0.9858;99739876.71501002;466876
20.7.2021;1626739200;6726.567;13672594272814;30815.94;1786.52;517260.5830;1192750;91542397697;0.9826;102600064.78780988;487618
23.7.2021;1626998400;6889.151;13672594272814;32297.89;2125.57;530400.8128;1203397;92032782020;0.9868;98947054.62367477;507371
26.7.2021;1627257600;7149.643;13672594272814;35365.2;2228.67;549463.3409;1260619;92097012331;0.9873;98260624.00173841;526567
29.7.2021;1627516800;7231.372;13672594272814;40002.53;2383.24;554991.0310;1259128;92357667318;0.9856;104766021.04533179;537869
1.8.2021;1627776000;7351.963;14496442856349;41659.06;2556.41;560842.4677;1190618;91851350568;0.9864;109887906.60443933;512389
4.8.2021;1628035200;7679.227;14496442856349;38138;2725.72;589185.1148;1223841;92142983717;0.9862;109693176.78900112;505336
7.8.2021;1628294400;7511.468;14496442856349;42825.95;3162.43;593179.9125;1198433;1,01523E+11;0.5164;112005260.90983883;482441
10.8.2021;1628553600;7863.045;14496442856349;46333.46;3141.67;619487.7875;1212289;1,00743E+11;0.5159;112931775.01662979;484233
13.8.2021;1628812800;7753.899;15324761487407.408;44417.78;3324.26;608645.1900;1197050;1,00137E+11;0.5153;112222868.24342497;481982
16.8.2021;1629072000;7634.419;15556093717703;47056.41;3147.63;600680.3239;1253968;1,00446E+11;0.5151;119126461.98879574;508229
19.8.2021;1629331200;8001.443;15556093717703;44777.86;3184.74;639189.3216;1255453;1,01305E+11;0.5143;122389629.87140332;529141
22.8.2021;1629590400;8084.737;15556093717703;48932.02;3241.65;637515.1922;1183893;1,01082E+11;0.5155;123285733.74419065;470627
25.8.2021;1629849600;8224.447;16431142929372.8;47744.58;3228.86;646723.3124;1184780;99457429577;0.5147;129030251.81892101;454671
28.8.2021;1630108800;8203.337;17615033039279;49056.86;3246.78;641075.5588;1131721;99488799028;0.5132;129727331.44953278;460844
31.8.2021;1630368000;8440.002;17615033039279;47074.77;3435.17;663087.1763;1206314;99588309787;0.5151;127249992.51986168;491933
3.9.2021;1630627200;8611.170;17615033039279;49329.01;3939.79;676634.6325;1198777;99868846816;0.5147;126343503.19093786;469649
6.9.2021;1630886400;8742.403;17615033039279;51769.06;3928.40;686845.3031;1206493;99764274456;0.5146;133723965.2585273;483684
9.9.2021;1631145600;8774.508;18415156832118;46078.38;3424.24;689976.9123;1219850;99862901657;0.5146;135548079.03417698;485816
12.9.2021;1631404800;9056.548;18415156832118;45144.79;3405.32;715404.4068;1211328;1,01084E+11;0.5152;133493710.99652977;527179
15.9.2021;1631664000;8926.847;18415156832118;47072.12;3615.22;701955.9772;1207590;99705020379;0.5147;135613291.5168814;526445
18.9.2021;1631923200;9064.209;18415156832118;47263.6;3435.76;709714.9578;1143178;99586843884;0.5144;137836460.23027292;488548
21.9.2021;1632182400;9243.210;18632996500113.82;42901.56;2760.20;729828.4272;1193295;1,00099E+11;0.5134;134495823.90656477;480223
24.9.2021;1632441600;9065.338;18997641161759;44888.96;2930.86;709173.8740;1152685;99488905680;0.5135;139221878.27487168;459395
27.9.2021;1632700800;9167.116;18997641161759;43182.63;2927.73;719363.9870;1133903;99668379770;0.5145;135671902.50093386;448752
30.9.2021;1632960000;9109.420;18997641161759;41522.38;3000.83;705663.7216;1116157;97958729328;0.5148;140172657.31323275;454578
3.10.2021;1633219200;9290.098;18997641161759;47727.1;3420.14;721702.9948;1130224;98254946022;0.5143;146513480.11758497;472079
6.10.2021;1633478400;9471.280;19893045048575;51505.83;3576.08;744109.3803;1337833;99234891325;0.5143;150290764.173168;613774
9.10.2021;1633737600;9468.319;19893045048575;53867.3;3576.40;734342.6853;1191856;97972965669;0.5140;141032003.29279727;533986
12.10.2021;1633996800;9670.944;19893045048575;57452.01;3490.61;751624.8591;1203566;98036296850;0.5140;138585678.44139537;502189
15.10.2021;1634256000;9403.028;19893045048575;57397.74;3868.16;730258.3181;1302993;97560326707;0.5143;146355517.70161635;525742
18.10.2021;1634515200;9612.819;19917361849675.434;61546.21;3746.14;743880.9098;1197673;97462750354;0.5141;144403297.8098649;522995
21.10.2021;1634774400;9729.879;20082460130831;66063.56;4062.76;764763.9938;1277275;1,00112E+11;0.5141;146706531.95442763;573318
24.10.2021;1635033600;9914.205;20082460130831;61277.28;4082.08;771219.5668;1261312;98235649057;0.5145;150427844.64619517;557074
27.10.2021;1635292800;10210.423;20082460130831;60345.17;3924.31;792962.2137;1370504;97983958255;0.5143;155878118.1667677;581064
30.10.2021;1635552000;10238.757;20082460130831;62249.18;4323.94;798599.3610;1379095;98002210468;0.5149;159871336.19848728;618415
2.11.2021;1635811200;10458.162;21659344833265;61029.5;4593.15;813533.6271;1395656;97381906892;0.5146;157794954.1316647;639463
5.11.2021;1636070400;10320.757;21659344833265;61441.83;4480.09;809414.9277;1339661;99426765719;0.5142;159797397.10008076;605162
8.11.2021;1636329600;10677.261;21659344833265;63293.22;4810.97;828352.8021;1329018;98044586198;0.5151;162888098.87011817;618388
11.11.2021;1636588800;10974.031;21659344833265;64976.73;4722.68;852646.6571;1347643;98331547441;0.5144;162426659.4965484;615769
14.11.2021;1636848000;10990.155;22434990744236.72;64420.94;4627.50;846521.7889;1275744;97925457176;0.5151;161753319.40522012;602843
17.11.2021;1637107200;11224.419;22674148233453;60172.26;4289.75;876388.0683;1353219;98477697827;0.5143;167149669.97568625;647957
20.11.2021;1637366400;10966.370;22674148233453;58133.02;4415.72;841135.7763;1160128;97067685699;0.5146;166066724.20991844;507869
23.11.2021;1637625600;11173.679;22674148233453;56301.52;4341.17;862727.0348;1264994;97654433985;0.5141;157799323.12299913;538772
26.11.2021;1637884800;10620.137;22674148233453;58935.45;4042.55;810891.6785;1297524;95847643629;0.5143;156028106.23080215;558797
29.11.2021;1638144000;11193.049;22335659268936;57292.28;4448.49;856967.8171;1247688;95710323947;0.5145;156604781.32573074;555014
2.12.2021;1638403200;11626.563;22335659268936;57229.76;4514.80;885583.4592;1265286;96347004529;0.5147;156707914.0770192;564304
5.12.2021;1638662400;11688.672;22335659268936;49253.86;4201.09;897619.6677;1386491;96094328220;0.5145;167815674.28599623;773457
8.12.2021;1638921600;11892.155;22335659268936;50645.41;4439.98;904023.9881;1296307;96069191326;0.5146;180504950.22444588;596449
11.12.2021;1639180800;11199.310;23468677477375.574;47137.46;4088.68;886741.6694;1199384;1,0029E+11;0.5146;180450982.45005217;532395
14.12.2021;1639440000;11872.948;24195286980614;46757.09;3862.18;932658.5315;1214900;98661297954;0.5140;176123588.11096406;560573
17.12.2021;1639699200;11404.128;24195286980614;47658.38;3876.37;902430.8407;1270355;99899533626;0.5142;168465544.6966373;570955
20.12.2021;1639958400;11787.347;24195286980614;46689.28;3945.57;949127.0092;1201239;1,01019E+11;0.5138;167354661.33481413;538610
23.12.2021;1640217600;11772.716;24195286980614;48628.35;4112.35;927101.3504;1245242;99088233365;0.5143;177148517.28561953;546643
26.12.2021;1640476800;11670.134;24272331996980;50470.89;4063.44;925236.3491;1206942;99855677488;0.5142;178302007.20415702;541229
29.12.2021;1640736000;11931.009;24272331996980;47601.26;3629.31;946471.4939;1252468;1,00776E+11;0.5147;174068259.95508352;516196
1.1.2022;1640995200;11667.672;24272331996980;46249.56;3766.74;931253.1153;1180989;1,00551E+11;0.5146;172541536.0396956;522711
4.1.2022;1641254400;12332.019;24272331996980;46441.99;3785.67;980138.5643;1221316;1,0033E+11;0.5144;177540241.8790075;534283
7.1.2022;1641513600;11871.524;24272331996980;43120.63;3196.47;927737.5815;1188490;99146545762;0.5140;181504732.7170824;525935
10.1.2022;1641772800;12093.356;24371874614346;41864.44;3083.68;949272.4736;1233195;99281434205;0.5148;174363600.71349812;469968
13.1.2022;1642032000;12290.823;24371874614346;43926;3242.26;971174.1390;1282921;99513142623;0.5147;180388266.9640267;586531
16.1.2022;1642291200;12068.767;24371874614346;43146.53;3349.61;955863.0903;1162954;1,00594E+11;0.5150;193499041.2223978;519703
19.1.2022;1642550400;12314.210;24371874614346;42381.48;3084.78;972879.6258;1223143;1,00053E+11;0.5146;198864399.25271472;539195
22.1.2022;1642809600;12583.077;26643185256535;36480.85;2412.23;1010869.6217;1204920;1,01121E+11;0.5136;191300712.3087483;507937
25.1.2022;1643068800;12238.302;26643185256535;36678.82;2459.65;967449.1185;1177640;99759441501;0.5144;193426935.944432;497858
28.1.2022;1643328000;12464.753;26643185256535;37146.85;2547.03;981166.5036;1137559;99861682821;0.5140;187692057.64448118;492023
31.1.2022;1643587200;12557.897;26643185256535;37918.62;2689.14;986463.4862;1177345;99935919102;0.5151;190151731.7869996;528149
3.2.2022;1643846400;12351.628;26643185256535;36912.68;2697.18;969831.4981;1111215;99223355169;0.5145;197909165.6210961;487304
6.2.2022;1644105600;12847.642;26690525287406;41435.43;3057.68;1022458.1649;1173884;1,01061E+11;0.5147;189714890.12531072;555800
9.2.2022;1644364800;12872.023;26690525287406;44133.28;3246.72;1021269.8779;1205889;1,00062E+11;0.5145;186075335.0385428;544671
12.2.2022;1644624000;12755.733;26690525287406;42401.27;2918.34;1002890.0046;1114648;1,00014E+11;0.5145;201293483.93231255;522239
15.2.2022;1644883200;12914.576;26690525287406;42580.94;3185.81;1028233.4547;1192633;1,00831E+11;0.5149;208875159.40998912;534962
18.2.2022;1645142400;12782.937;27967152532434;40565.69;2780.72;1008283.7493;1252754;99200040530;0.5145;214208889.76468316;467529
21.2.2022;1645401600;12924.601;27967152532434;38382.32;2570.15;1014670.9468;1134349;99458416983;0.5146;202437880.40399176;468994
24.2.2022;1645660800;12647.400;27967152532434;37291.48;2597.94;1006229.4607;1181182;1,00041E+11;0.5135;195430088.29567224;513537
27.2.2022;1645920000;12976.518;27967152532434;39103.91;2617.32;1026106.1147;1125065;1,00319E+11;0.5147;;516988
